Time/Iteration, TempCalcIterTime(us), ColorCalcIterTime(us), TempCalcIterBest(us), ColorCalcIterBest(us), TempCalcIterWorst(us), ColorCalcIterWorst(us), TempCalcIterAvg(us), ColorCalcIterAvg(us)
1,473.6,13615.7,473.6,13615.7,473.6,13615.7,236.8,6807.85
2,292.5,12264.2,292.5,12264.2,473.6,13615.7,264.65,9536.025000000001
3,245.3,14915.1,245.3,12264.2,473.6,14915.1,254.975,12225.5625
4,254.0,12665.5,245.3,12264.2,473.6,14915.1,254.4875,12445.53125
5,278.5,15994.2,245.3,12264.2,473.6,15994.2,266.49375,14219.865625
6,470.5,14682.9,245.3,12264.2,473.6,15994.2,368.496875,14451.3828125
7,272.1,18366.0,245.3,12264.2,473.6,18366.0,320.2984375,16408.69140625
8,476.0,14425.7,245.3,12264.2,476.0,18366.0,398.14921875,15417.195703125
9,283.0,13698.5,245.3,12264.2,476.0,18366.0,340.574609375,14557.8478515625
10,463.0,19534.8,245.3,12264.2,476.0,19534.8,401.7873046875,17046.32392578125
11,293.9,13735.2,245.3,12264.2,476.0,19534.8,347.84365234375,15390.761962890625
12,270.3,13979.9,245.3,12264.2,476.0,19534.8,309.07182617187505,14685.330981445313
13,275.1,13174.8,245.3,12264.2,476.0,19534.8,292.08591308593753,13930.065490722656
14,267.0,13227.1,245.3,12264.2,476.0,19534.8,279.5429565429688,13578.582745361327
15,262.1,14635.5,245.3,12264.2,476.0,19534.8,270.8214782714844,14107.041372680664
16,468.8,16575.2,245.3,12264.2,476.0,19534.8,369.8107391357422,15341.120686340331
17,291.5,13366.4,245.3,12264.2,476.0,19534.8,330.6553695678711,14353.760343170165
18,272.3,13045.0,245.3,12264.2,476.0,19534.8,301.47768478393556,13699.380171585082
19,466.1,26159.1,245.3,12264.2,476.0,26159.1,383.7888423919678,19929.24008579254
20,454.3,16798.5,245.3,12264.2,476.0,26159.1,419.0444211959839,18363.87004289627
21,292.1,16975.6,245.3,12264.2,476.0,26159.1,355.57221059799195,17669.735021448134
22,285.4,13493.0,245.3,12264.2,476.0,26159.1,320.486105298996,15581.367510724067
23,301.1,13696.5,245.3,12264.2,476.0,26159.1,310.793052649498,14638.933755362033
24,267.7,13701.7,245.3,12264.2,476.0,26159.1,289.24652632474897,14170.316877681016
25,310.5,15165.8,245.3,12264.2,476.0,26159.1,299.8732631623745,14668.058438840508
26,302.9,13916.9,245.3,12264.2,476.0,26159.1,301.3866315811872,14292.479219420253
27,359.8,13996.7,245.3,12264.2,476.0,26159.1,330.5933157905936,14144.589609710127
28,302.8,15258.8,245.3,12264.2,476.0,26159.1,316.69665789529677,14701.694804855062
29,383.6,13924.0,245.3,12264.2,476.0,26159.1,350.1483289476484,14312.847402427531
30,386.2,14253.6,245.3,12264.2,476.0,26159.1,368.1741644738242,14283.223701213767
31,302.0,17233.8,245.3,12264.2,476.0,26159.1,335.0870822369121,15758.511850606883
32,467.1,23853.4,245.3,12264.2,476.0,26159.1,401.0935411184561,19805.955925303442
33,576.4,28026.1,245.3,12264.2,576.4,28026.1,488.746770559228,23916.027962651722
34,641.1,14952.0,245.3,12264.2,641.1,28026.1,564.923385279614,19434.01398132586
35,303.7,14244.7,245.3,12264.2,641.1,28026.1,434.311692639807,16839.35699066293
36,289.7,15143.7,245.3,12264.2,641.1,28026.1,362.0058463199035,15991.528495331466
37,563.5,15478.7,245.3,12264.2,641.1,28026.1,462.75292315995176,15735.114247665733
38,318.5,14820.9,245.3,12264.2,641.1,28026.1,390.62646157997585,15278.007123832867
39,309.5,15711.9,245.3,12264.2,641.1,28026.1,350.0632307899879,15494.953561916434
40,287.7,17082.8,245.3,12264.2,641.1,28026.1,318.88161539499396,16288.876780958217
41,299.5,14356.3,245.3,12264.2,641.1,28026.1,309.190807697497,15322.588390479108
42,300.7,14586.2,245.3,12264.2,641.1,28026.1,304.94540384874847,14954.394195239554
43,291.8,14079.3,245.3,12264.2,641.1,28026.1,298.37270192437427,14516.847097619777
44,277.1,14742.2,245.3,12264.2,641.1,28026.1,287.73635096218715,14629.523548809888
45,616.0,13524.8,245.3,12264.2,641.1,28026.1,451.86817548109354,14077.161774404944
46,290.5,13698.7,245.3,12264.2,641.1,28026.1,371.1840877405468,13887.930887202472
47,312.2,13744.4,245.3,12264.2,641.1,28026.1,341.6920438702734,13816.165443601236
48,284.1,13856.4,245.3,12264.2,641.1,28026.1,312.8960219351367,13836.282721800617
49,287.7,13772.5,245.3,12264.2,641.1,28026.1,300.2980109675683,13804.391360900308
50,286.7,13381.5,245.3,12264.2,641.1,28026.1,293.4990054837841,13592.945680450153
51,260.6,13177.3,245.3,12264.2,641.1,28026.1,277.04950274189207,13385.122840225076
52,267.0,13240.0,245.3,12264.2,641.1,28026.1,272.02475137094603,13312.561420112539
53,284.6,13045.1,245.3,12264.2,641.1,28026.1,278.31237568547306,13178.83071005627
54,352.8,12862.0,245.3,12264.2,641.1,28026.1,315.55618784273656,13020.415355028135
55,260.3,13061.2,245.3,12264.2,641.1,28026.1,287.92809392136826,13040.807677514069
56,260.0,13059.9,245.3,12264.2,641.1,28026.1,273.96404696068413,13050.353838757033
57,263.2,12824.5,245.3,12264.2,641.1,28026.1,268.58202348034206,12937.426919378517
58,269.2,12654.5,245.3,12264.2,641.1,28026.1,268.89101174017105,12795.963459689257
59,254.0,12614.6,245.3,12264.2,641.1,28026.1,261.4455058700855,12705.281729844628
60,276.3,12685.9,245.3,12264.2,641.1,28026.1,268.87275293504274,12695.590864922313
61,249.1,12728.7,245.3,12264.2,641.1,28026.1,258.9863764675214,12712.145432461157
62,275.6,12740.5,245.3,12264.2,641.1,28026.1,267.2931882337607,12726.322716230577
63,262.2,12569.6,245.3,12264.2,641.1,28026.1,264.7465941168804,12647.961358115288
64,231.0,12503.4,231.0,12264.2,641.1,28026.1,247.8732970584402,12575.680679057645
65,241.1,12331.2,231.0,12264.2,641.1,28026.1,244.48664852922008,12453.440339528823
66,240.3,12195.9,231.0,12195.9,641.1,28026.1,242.39332426461004,12324.670169764411
67,238.7,12336.9,231.0,12195.9,641.1,28026.1,240.54666213230502,12330.785084882205
68,241.9,12334.1,231.0,12195.9,641.1,28026.1,241.22333106615253,12332.442542441102
69,227.5,12305.8,227.5,12195.9,641.1,28026.1,234.36166553307626,12319.12127122055
70,227.5,12149.7,227.5,12149.7,641.1,28026.1,230.93083276653812,12234.410635610275
71,377.9,12301.1,227.5,12149.7,641.1,28026.1,304.4154163832691,12267.755317805138
72,254.0,12025.2,227.5,12025.2,641.1,28026.1,279.20770819163454,12146.47765890257
73,245.1,11959.5,227.5,11959.5,641.1,28026.1,262.1538540958173,12052.988829451286
74,237.2,11934.5,227.5,11934.5,641.1,28026.1,249.67692704790863,11993.744414725643
75,261.7,12228.8,227.5,11934.5,641.1,28026.1,255.6884635239543,12111.272207362821
76,268.6,12992.4,227.5,11934.5,641.1,28026.1,262.14423176197715,12551.83610368141
77,264.4,12458.3,227.5,11934.5,641.1,28026.1,263.27211588098857,12505.068051840704
78,277.4,12494.4,227.5,11934.5,641.1,28026.1,270.33605794049424,12499.734025920352
79,270.5,12515.1,227.5,11934.5,641.1,28026.1,270.4180289702471,12507.417012960177
80,274.0,12964.0,227.5,11934.5,641.1,28026.1,272.2090144851236,12735.708506480089
81,272.6,12286.1,227.5,11934.5,641.1,28026.1,272.4045072425618,12510.904253240045
82,248.9,12391.6,227.5,11934.5,641.1,28026.1,260.6522536212809,12451.252126620024
83,258.1,12258.1,227.5,11934.5,641.1,28026.1,259.37612681064047,12354.676063310013
84,238.1,12373.6,227.5,11934.5,641.1,28026.1,248.73806340532025,12364.138031655006
85,261.4,12866.1,227.5,11934.5,641.1,28026.1,255.0690317026601,12615.119015827502
86,265.0,14514.9,227.5,11934.5,641.1,28026.1,260.03451585133007,13565.00950791375
87,294.9,13748.7,227.5,11934.5,641.1,28026.1,277.467257925665,13656.854753956875
88,332.4,14531.9,227.5,11934.5,641.1,28026.1,304.9336289628325,14094.377376978438
89,276.2,13158.5,227.5,11934.5,641.1,28026.1,290.56681448141626,13626.43868848922
90,250.1,13524.8,227.5,11934.5,641.1,28026.1,270.33340724070814,13575.61934424461
91,272.2,13294.0,227.5,11934.5,641.1,28026.1,271.26670362035406,13434.809672122305
92,288.8,13372.3,227.5,11934.5,641.1,28026.1,280.033351810177,13403.554836061152
93,279.0,13132.0,227.5,11934.5,641.1,28026.1,279.5166759050885,13267.777418030575
94,279.4,12792.5,227.5,11934.5,641.1,28026.1,279.45833795254424,13030.138709015288
95,356.8,12825.4,227.5,11934.5,641.1,28026.1,318.1291689762721,12927.769354507644
96,273.8,12863.3,227.5,11934.5,641.1,28026.1,295.9645844881361,12895.534677253821
97,271.1,13532.7,227.5,11934.5,641.1,28026.1,283.53229224406806,13214.117338626911
98,276.7,12833.9,227.5,11934.5,641.1,28026.1,280.116146122034,13024.008669313454
99,270.0,12807.2,227.5,11934.5,641.1,28026.1,275.058073061017,12915.604334656728
100,341.4,12866.1,227.5,11934.5,641.1,28026.1,308.2290365305085,12890.852167328365
101,251.8,12800.7,227.5,11934.5,641.1,28026.1,280.01451826525425,12845.776083664183
102,272.0,12659.2,227.5,11934.5,641.1,28026.1,276.00725913262715,12752.488041832092
103,267.8,12870.5,227.5,11934.5,641.1,28026.1,271.9036295663136,12811.494020916045
104,270.9,12758.8,227.5,11934.5,641.1,28026.1,271.4018147831568,12785.147010458022
105,243.0,12877.7,227.5,11934.5,641.1,28026.1,257.2009073915784,12831.423505229011
106,254.0,13337.8,227.5,11934.5,641.1,28026.1,255.6004536957892,13084.611752614506
107,329.4,12955.8,227.5,11934.5,641.1,28026.1,292.5002268478946,13020.205876307253
108,307.4,13695.3,227.5,11934.5,641.1,28026.1,299.9501134239473,13357.752938153626
109,270.0,12320.2,227.5,11934.5,641.1,28026.1,284.97505671197365,12838.976469076813
110,437.4,13209.3,227.5,11934.5,641.1,28026.1,361.18752835598684,13024.138234538406
111,282.4,13278.3,227.5,11934.5,641.1,28026.1,321.7937641779934,13151.219117269204
112,274.5,13486.8,227.5,11934.5,641.1,28026.1,298.1468820889967,13319.009558634601
113,275.3,13238.9,227.5,11934.5,641.1,28026.1,286.7234410444984,13278.9547793173
114,267.1,12757.8,227.5,11934.5,641.1,28026.1,276.9117205222492,13018.37738965865
115,304.5,12820.5,227.5,11934.5,641.1,28026.1,290.7058602611246,12919.438694829325
116,267.0,12820.4,227.5,11934.5,641.1,28026.1,278.8529301305623,12869.919347414663
117,273.5,13165.1,227.5,11934.5,641.1,28026.1,276.17646506528115,13017.509673707333
118,276.8,13235.4,227.5,11934.5,641.1,28026.1,276.4882325326406,13126.454836853667
119,281.6,12688.0,227.5,11934.5,641.1,28026.1,279.0441162663203,12907.227418426834
120,318.2,12733.0,227.5,11934.5,641.1,28026.1,298.6220581331602,12820.113709213416
121,264.6,13154.1,227.5,11934.5,641.1,28026.1,281.6110290665801,12987.106854606707
122,277.1,13106.7,227.5,11934.5,641.1,28026.1,279.35551453329003,13046.903427303354
123,273.3,13095.4,227.5,11934.5,641.1,28026.1,276.327757266645,13071.151713651678
124,344.2,12626.6,227.5,11934.5,641.1,28026.1,310.2638786333225,12848.875856825838
125,275.3,13007.7,227.5,11934.5,641.1,28026.1,292.78193931666124,12928.28792841292
126,450.4,13462.5,227.5,11934.5,641.1,28026.1,371.5909696583306,13195.39396420646
127,274.8,12905.9,227.5,11934.5,641.1,28026.1,323.1954848291653,13050.64698210323
128,262.4,12943.9,227.5,11934.5,641.1,28026.1,292.7977424145827,12997.273491051616
129,279.5,14387.2,227.5,11934.5,641.1,28026.1,286.14887120729134,13692.236745525808
130,339.2,13510.2,227.5,11934.5,641.1,28026.1,312.67443560364563,13601.218372762905
131,287.7,12714.5,227.5,11934.5,641.1,28026.1,300.18721780182284,13157.859186381453
132,271.0,12854.8,227.5,11934.5,641.1,28026.1,285.5936089009114,13006.329593190727
133,275.5,13778.6,227.5,11934.5,641.1,28026.1,280.54680445045574,13392.464796595363
134,295.7,13014.3,227.5,11934.5,641.1,28026.1,288.1234022252279,13203.382398297681
135,295.3,12835.6,227.5,11934.5,641.1,28026.1,291.7117011126139,13019.49119914884
136,280.5,13532.2,227.5,11934.5,641.1,28026.1,286.10585055630696,13275.84559957442
137,277.9,13442.6,227.5,11934.5,641.1,28026.1,282.0029252781535,13359.22279978721
138,293.1,13190.0,227.5,11934.5,641.1,28026.1,287.55146263907676,13274.611399893605
139,263.1,13095.2,227.5,11934.5,641.1,28026.1,275.32573131953836,13184.905699946803
140,260.8,12616.1,227.5,11934.5,641.1,28026.1,268.06286565976916,12900.502849973402
141,260.4,12675.4,227.5,11934.5,641.1,28026.1,264.23143282988457,12787.9514249867
142,246.0,12953.7,227.5,11934.5,641.1,28026.1,255.11571641494228,12870.825712493352
143,262.1,13009.3,227.5,11934.5,641.1,28026.1,258.60785820747117,12940.062856246675
144,287.3,13283.7,227.5,11934.5,641.1,28026.1,272.9539291037356,13111.881428123339
145,312.9,13251.3,227.5,11934.5,641.1,28026.1,292.9269645518678,13181.59071406167
146,281.1,12837.5,227.5,11934.5,641.1,28026.1,287.01348227593394,13009.545357030835
147,277.0,13014.5,227.5,11934.5,641.1,28026.1,282.00674113796697,13012.022678515417
148,283.3,13223.5,227.5,11934.5,641.1,28026.1,282.6533705689835,13117.761339257708
149,318.0,13260.0,227.5,11934.5,641.1,28026.1,300.32668528449176,13188.880669628854
150,268.1,13193.2,227.5,11934.5,641.1,28026.1,284.2133426422459,13191.040334814428
151,280.5,14384.4,227.5,11934.5,641.1,28026.1,282.3566713211229,13787.720167407213
152,276.4,13179.8,227.5,11934.5,641.1,28026.1,279.37833566056145,13483.760083703606
153,265.8,13231.4,227.5,11934.5,641.1,28026.1,272.58916783028076,13357.580041851803
154,266.5,12679.9,227.5,11934.5,641.1,28026.1,269.5445839151404,13018.740020925901
155,287.7,12571.4,227.5,11934.5,641.1,28026.1,278.62229195757016,12795.07001046295
156,258.5,12743.9,227.5,11934.5,641.1,28026.1,268.5611459787851,12769.485005231476
157,271.3,12818.4,227.5,11934.5,641.1,28026.1,269.93057298939254,12793.942502615737
158,251.8,12742.4,227.5,11934.5,641.1,28026.1,260.8652864946963,12768.171251307867
159,244.1,13144.6,227.5,11934.5,641.1,28026.1,252.48264324734816,12956.385625653933
160,258.6,12554.0,227.5,11934.5,641.1,28026.1,255.5413216236741,12755.192812826966
161,277.9,12517.8,227.5,11934.5,641.1,28026.1,266.72066081183704,12636.496406413484
162,240.8,12630.4,227.5,11934.5,641.1,28026.1,253.76033040591852,12633.448203206743
163,269.6,12724.1,227.5,11934.5,641.1,28026.1,261.6801652029593,12678.774101603372
164,318.6,12809.8,227.5,11934.5,641.1,28026.1,290.14008260147966,12744.287050801686
165,250.2,12419.3,227.5,11934.5,641.1,28026.1,270.17004130073985,12581.793525400843
166,262.8,12169.5,227.5,11934.5,641.1,28026.1,266.48502065036996,12375.64676270042
167,243.2,12633.8,227.5,11934.5,641.1,28026.1,254.84251032518497,12504.72338135021
168,272.1,13104.4,227.5,11934.5,641.1,28026.1,263.4712551625925,12804.561690675106
169,272.1,12437.5,227.5,11934.5,641.1,28026.1,267.78562758129624,12621.030845337553
170,259.9,12301.5,227.5,11934.5,641.1,28026.1,263.8428137906481,12461.265422668777
171,250.0,12308.7,227.5,11934.5,641.1,28026.1,256.921406895324,12384.982711334389
172,250.4,12247.2,227.5,11934.5,641.1,28026.1,253.660703447662,12316.091355667195
173,268.9,12465.6,227.5,11934.5,641.1,28026.1,261.280351723831,12390.845677833597
174,251.9,12682.4,227.5,11934.5,641.1,28026.1,256.5901758619155,12536.622838916799
175,251.8,12554.8,227.5,11934.5,641.1,28026.1,254.19508793095775,12545.7114194584
176,264.7,12381.7,227.5,11934.5,641.1,28026.1,259.44754396547887,12463.7057097292
177,272.9,12514.8,227.5,11934.5,641.1,28026.1,266.1737719827394,12489.2528548646
178,249.2,12605.8,227.5,11934.5,641.1,28026.1,257.6868859913697,12547.5264274323
179,253.6,12318.7,227.5,11934.5,641.1,28026.1,255.64344299568484,12433.113213716151
180,247.5,12282.9,227.5,11934.5,641.1,28026.1,251.57172149784242,12358.006606858075
181,252.7,12775.2,227.5,11934.5,641.1,28026.1,252.1358607489212,12566.603303429038
182,392.2,30142.3,227.5,11934.5,641.1,30142.3,322.1679303744606,21354.451651714517
183,605.3,20022.3,227.5,11934.5,641.1,30142.3,463.7339651872303,20688.375825857256
184,305.0,15127.0,227.5,11934.5,641.1,30142.3,384.36698259361515,17907.687912928628
185,393.5,15136.2,227.5,11934.5,641.1,30142.3,388.9334912968076,16521.943956464314
186,300.2,14898.0,227.5,11934.5,641.1,30142.3,344.56674564840375,15709.971978232157
187,326.2,14570.6,227.5,11934.5,641.1,30142.3,335.38337282420184,15140.285989116079
188,307.3,13917.8,227.5,11934.5,641.1,30142.3,321.3416864121009,14529.04299455804
189,383.3,14258.8,227.5,11934.5,641.1,30142.3,352.3208432060504,14393.92149727902
190,502.9,15583.4,227.5,11934.5,641.1,30142.3,427.6104216030252,14988.66074863951
191,313.8,19303.9,227.5,11934.5,641.1,30142.3,370.70521080151264,17146.280374319755
192,495.6,16503.8,227.5,11934.5,641.1,30142.3,433.15260540075633,16825.040187159877
193,349.2,14990.9,227.5,11934.5,641.1,30142.3,391.1763027003782,15907.970093579937
194,449.8,15222.8,227.5,11934.5,641.1,30142.3,420.4881513501891,15565.385046789968
195,305.0,14698.2,227.5,11934.5,641.1,30142.3,362.74407567509456,15131.792523394985
196,308.5,14121.8,227.5,11934.5,641.1,30142.3,335.6220378375473,14626.796261697491
197,296.8,14409.3,227.5,11934.5,641.1,30142.3,316.2110189187737,14518.048130848745
198,320.0,14202.4,227.5,11934.5,641.1,30142.3,318.10550945938684,14360.224065424372
199,451.4,15802.1,227.5,11934.5,641.1,30142.3,384.7527547296934,15081.162032712185
200,357.2,15241.8,227.5,11934.5,641.1,30142.3,370.9763773648467,15161.481016356092
201,305.2,14734.8,227.5,11934.5,641.1,30142.3,338.0881886824234,14948.140508178047
202,314.2,22239.7,227.5,11934.5,641.1,30142.3,326.1440943412117,18593.920254089026
203,585.1,24642.6,227.5,11934.5,641.1,30142.3,455.62204717060587,21618.260127044512
204,337.0,19495.2,227.5,11934.5,641.1,30142.3,396.3110235853029,20556.730063522256
205,319.6,20581.5,227.5,11934.5,641.1,30142.3,357.95551179265146,20569.11503176113
206,316.2,20554.8,227.5,11934.5,641.1,30142.3,337.0777558963257,20561.957515880564
207,382.7,16693.5,227.5,11934.5,641.1,30142.3,359.8888779481629,18627.728757940284
208,341.5,16790.5,227.5,11934.5,641.1,30142.3,350.69443897408144,17709.114378970142
209,421.3,15609.7,227.5,11934.5,641.1,30142.3,385.99721948704075,16659.40718948507
210,317.1,17842.1,227.5,11934.5,641.1,30142.3,351.5486097435204,17250.753594742535
211,478.0,17392.2,227.5,11934.5,641.1,30142.3,414.7743048717602,17321.476797371266
212,479.0,15390.8,227.5,11934.5,641.1,30142.3,446.8871524358801,16356.138398685633
213,500.3,20804.0,227.5,11934.5,641.1,30142.3,473.59357621794004,18580.069199342815
214,320.5,15129.4,227.5,11934.5,641.1,30142.3,397.04678810897,16854.734599671407
215,314.4,14997.4,227.5,11934.5,641.1,30142.3,355.72339405448497,15926.067299835704
216,314.7,14515.2,227.5,11934.5,641.1,30142.3,335.2116970272425,15220.633649917852
217,292.9,14015.4,227.5,11934.5,641.1,30142.3,314.05584851362124,14618.016824958926
218,472.6,15134.3,227.5,11934.5,641.1,30142.3,393.32792425681066,14876.158412479463
219,308.8,14558.2,227.5,11934.5,641.1,30142.3,351.06396212840536,14717.179206239733
220,286.0,15074.5,227.5,11934.5,641.1,30142.3,318.5319810642027,14895.839603119866
221,298.6,14103.5,227.5,11934.5,641.1,30142.3,308.56599053210135,14499.669801559932
222,297.9,14420.5,227.5,11934.5,641.1,30142.3,303.2329952660507,14460.084900779966
223,289.5,13775.5,227.5,11934.5,641.1,30142.3,296.36649763302535,14117.792450389983
224,288.6,13454.9,227.5,11934.5,641.1,30142.3,292.4832488165127,13786.346225194991
225,290.2,13733.7,227.5,11934.5,641.1,30142.3,291.34162440825634,13760.023112597497
226,294.4,13475.3,227.5,11934.5,641.1,30142.3,292.87081220412813,13617.661556298748
227,267.2,13362.8,227.5,11934.5,641.1,30142.3,280.03540610206403,13490.230778149373
228,295.5,13261.7,227.5,11934.5,641.1,30142.3,287.767703051032,13375.965389074687
229,266.8,13392.1,227.5,11934.5,641.1,30142.3,277.283851525516,13384.032694537344
230,277.5,13111.8,227.5,11934.5,641.1,30142.3,277.391925762758,13247.91634726867
231,283.6,19489.0,227.5,11934.5,641.1,30142.3,280.495962881379,16368.458173634335
232,331.4,14847.3,227.5,11934.5,641.1,30142.3,305.9479814406895,15607.879086817167
233,283.4,13505.1,227.5,11934.5,641.1,30142.3,294.6739907203447,14556.489543408585
234,281.2,16039.3,227.5,11934.5,641.1,30142.3,287.9369953601723,15297.894771704292
235,321.3,13175.0,227.5,11934.5,641.1,30142.3,304.6184976800862,14236.447385852145
236,267.7,13335.8,227.5,11934.5,641.1,30142.3,286.1592488400431,13786.123692926072
237,270.4,13321.4,227.5,11934.5,641.1,30142.3,278.27962442002155,13553.761846463036
238,278.3,13480.3,227.5,11934.5,641.1,30142.3,278.2898122100108,13517.030923231518
239,279.3,13790.8,227.5,11934.5,641.1,30142.3,278.7949061050054,13653.915461615758
240,278.8,12516.7,227.5,11934.5,641.1,30142.3,278.7974530525027,13085.30773080788
241,254.7,12835.9,227.5,11934.5,641.1,30142.3,266.74872652625135,12960.60386540394
242,263.2,12796.8,227.5,11934.5,641.1,30142.3,264.97436326312567,12878.70193270197
243,291.0,12779.8,227.5,11934.5,641.1,30142.3,277.98718163156286,12829.250966350985
244,310.9,13595.7,227.5,11934.5,641.1,30142.3,294.4435908157814,13212.475483175493
245,437.8,13596.7,227.5,11934.5,641.1,30142.3,366.1217954078907,13404.587741587748
246,675.6,13836.8,227.5,11934.5,675.6,30142.3,520.8608977039454,13620.693870793873
247,284.3,14425.4,227.5,11934.5,675.6,30142.3,402.58044885197273,14023.046935396937
248,294.5,14538.5,227.5,11934.5,675.6,30142.3,348.54022442598637,14280.77346769847
249,283.0,15554.1,227.5,11934.5,675.6,30142.3,315.7701122129932,14917.436733849234
250,289.5,14639.5,227.5,11934.5,675.6,30142.3,302.63505610649656,14778.468366924617
251,284.8,14677.0,227.5,11934.5,675.6,30142.3,293.7175280532483,14727.734183462308
252,362.9,16552.8,227.5,11934.5,675.6,30142.3,328.30876402662415,15640.267091731153
253,299.2,15299.1,227.5,11934.5,675.6,30142.3,313.75438201331207,15469.683545865577
254,291.9,14171.5,227.5,11934.5,675.6,30142.3,302.827191006656,14820.591772932788
255,290.9,13603.2,227.5,11934.5,675.6,30142.3,296.863595503328,14211.895886466395
256,276.4,13450.7,227.5,11934.5,675.6,30142.3,286.63179775166395,13831.297943233198
257,364.4,13125.1,227.5,11934.5,675.6,30142.3,325.51589887583197,13478.198971616599
258,260.4,17188.3,227.5,11934.5,675.6,30142.3,292.957949437916,15333.2494858083
259,400.8,13644.2,227.5,11934.5,675.6,30142.3,346.87897471895803,14488.724742904149
260,274.5,12983.9,227.5,11934.5,675.6,30142.3,310.689487359479,13736.312371452073
261,264.7,12837.5,227.5,11934.5,675.6,30142.3,287.69474367973953,13286.906185726037
262,253.2,13519.5,227.5,11934.5,675.6,30142.3,270.4473718398698,13403.20309286302
263,266.7,12966.7,227.5,11934.5,675.6,30142.3,268.57368591993486,13184.95154643151
264,253.3,12823.7,227.5,11934.5,675.6,30142.3,260.9368429599674,13004.325773215754
265,238.8,12603.2,227.5,11934.5,675.6,30142.3,249.8684214799837,12803.762886607878
266,251.1,13447.8,227.5,11934.5,675.6,30142.3,250.48421073999185,13125.781443303938
267,274.5,15758.8,227.5,11934.5,675.6,30142.3,262.4921053699959,14442.290721651969
268,275.2,15420.5,227.5,11934.5,675.6,30142.3,268.84605268499797,14931.395360825984
269,287.0,13287.3,227.5,11934.5,675.6,30142.3,277.923026342499,14109.347680412991
270,407.7,13563.0,227.5,11934.5,675.6,30142.3,342.8115131712495,13836.173840206495
271,289.5,13022.4,227.5,11934.5,675.6,30142.3,316.1557565856248,13429.286920103248
272,256.2,12774.3,227.5,11934.5,675.6,30142.3,286.17787829281235,13101.793460051624
273,253.9,12395.6,227.5,11934.5,675.6,30142.3,270.03893914640616,12748.696730025811
274,325.5,12646.9,227.5,11934.5,675.6,30142.3,297.7694695732031,12697.798365012906
275,269.3,12660.3,227.5,11934.5,675.6,30142.3,283.5347347866016,12679.049182506453
276,254.1,13435.3,227.5,11934.5,675.6,30142.3,268.8173673933008,13057.174591253226
277,262.8,12516.4,227.5,11934.5,675.6,30142.3,265.8086836966504,12786.787295626613
278,248.2,12157.7,227.5,11934.5,675.6,30142.3,257.0043418483252,12472.243647813306
279,235.9,11983.3,227.5,11934.5,675.6,30142.3,246.4521709241626,12227.771823906653
280,222.2,12186.6,222.2,11934.5,675.6,30142.3,234.3260854620813,12207.185911953326
281,244.4,12345.7,222.2,11934.5,675.6,30142.3,239.36304273104065,12276.442955976663
282,277.7,12173.6,222.2,11934.5,675.6,30142.3,258.53152136552035,12225.021477988332
283,243.3,12200.2,222.2,11934.5,675.6,30142.3,250.91576068276018,12212.610738994166
284,245.4,11881.8,222.2,11881.8,675.6,30142.3,248.1578803413801,12047.205369497082
285,217.8,12191.1,217.8,11881.8,675.6,30142.3,232.97894017069007,12119.15268474854
286,231.7,14401.3,217.8,11881.8,675.6,30142.3,232.33947008534503,13260.22634237427
287,260.5,12296.8,217.8,11881.8,675.6,30142.3,246.41973504267253,12778.513171187135
288,263.9,11818.9,217.8,11818.9,675.6,30142.3,255.15986752133625,12298.706585593567
289,226.1,11928.2,217.8,11818.9,675.6,30142.3,240.6299337606681,12113.453292796785
290,233.2,11855.4,217.8,11818.9,675.6,30142.3,236.91496688033405,11984.426646398391
291,238.4,11699.7,217.8,11699.7,675.6,30142.3,237.65748344016703,11842.063323199196
292,219.0,11866.6,217.8,11699.7,675.6,30142.3,228.3287417200835,11854.331661599597
293,233.0,11756.8,217.8,11699.7,675.6,30142.3,230.66437086004174,11805.565830799798
294,234.5,12091.0,217.8,11699.7,675.6,30142.3,232.58218543002087,11948.2829153999
295,243.4,11831.3,217.8,11699.7,675.6,30142.3,237.99109271501044,11889.79145769995
296,231.2,11908.3,217.8,11699.7,675.6,30142.3,234.5955463575052,11899.045728849975
297,223.5,12415.4,217.8,11699.7,675.6,30142.3,229.0477731787526,12157.222864424988
298,258.9,11861.5,217.8,11699.7,675.6,30142.3,243.9738865893763,12009.361432212494
299,236.9,11879.3,217.8,11699.7,675.6,30142.3,240.43694329468815,11944.330716106248
300,234.8,11854.7,217.8,11699.7,675.6,30142.3,237.61847164734408,11899.515358053124
301,220.4,11835.4,217.8,11699.7,675.6,30142.3,229.00923582367204,11867.457679026562
302,310.3,11873.4,217.8,11699.7,675.6,30142.3,269.654617911836,11870.42883951328
303,254.2,11903.0,217.8,11699.7,675.6,30142.3,261.92730895591797,11886.714419756641
304,233.4,11985.4,217.8,11699.7,675.6,30142.3,247.66365447795897,11936.05720987832
305,260.2,11983.9,217.8,11699.7,675.6,30142.3,253.93182723897948,11959.978604939159
306,310.2,11861.5,217.8,11699.7,675.6,30142.3,282.0659136194897,11910.73930246958
307,252.3,12172.4,217.8,11699.7,675.6,30142.3,267.18295680974484,12041.56965123479
308,265.0,12482.9,217.8,11699.7,675.6,30142.3,266.0914784048724,12262.234825617394
309,303.7,12051.4,217.8,11699.7,675.6,30142.3,284.8957392024362,12156.817412808698
310,240.2,11811.8,217.8,11699.7,675.6,30142.3,262.54786960121805,11984.308706404348
311,231.8,12228.1,217.8,11699.7,675.6,30142.3,247.17393480060903,12106.204353202174
312,254.9,12462.3,217.8,11699.7,675.6,30142.3,251.03696740030452,12284.252176601087
313,251.4,11935.9,217.8,11699.7,675.6,30142.3,251.21848370015226,12110.076088300542
314,232.8,12342.3,217.8,11699.7,675.6,30142.3,242.00924185007614,12226.18804415027
315,393.1,28179.2,217.8,11699.7,675.6,30142.3,317.5546209250381,20202.694022075135
316,480.4,21088.0,217.8,11699.7,675.6,30142.3,398.97731046251903,20645.347011037567
317,295.7,13797.5,217.8,11699.7,675.6,30142.3,347.3386552312595,17221.423505518782
318,292.3,13534.8,217.8,11699.7,675.6,30142.3,319.81932761562973,15378.11175275939
319,289.7,13730.0,217.8,11699.7,675.6,30142.3,304.75966380781483,14554.055876379694
320,473.0,14877.5,217.8,11699.7,675.6,30142.3,388.8798319039074,14715.777938189847
321,303.0,18335.1,217.8,11699.7,675.6,30142.3,345.9399159519537,16525.438969094925
322,484.0,18150.9,217.8,11699.7,675.6,30142.3,414.96995797597685,17338.169484547463
323,307.4,13855.6,217.8,11699.7,675.6,30142.3,361.1849789879884,15596.88474227373
324,314.6,16758.1,217.8,11699.7,675.6,30142.3,337.8924894939942,16177.492371136865
325,366.6,14840.5,217.8,11699.7,675.6,30142.3,352.24624474699715,15508.996185568432
326,300.7,19144.7,217.8,11699.7,675.6,30142.3,326.47312237349854,17326.848092784217
327,424.9,15531.2,217.8,11699.7,675.6,30142.3,375.68656118674926,16429.024046392107
328,313.4,19802.4,217.8,11699.7,675.6,30142.3,344.5432805933746,18115.712023196054
329,374.0,14648.3,217.8,11699.7,675.6,30142.3,359.27164029668734,16382.006011598027
330,370.2,14227.0,217.8,11699.7,675.6,30142.3,364.7358201483437,15304.503005799013
331,287.9,20099.1,217.8,11699.7,675.6,30142.3,326.31791007417183,17701.801502899507
332,298.6,14424.8,217.8,11699.7,675.6,30142.3,312.45895503708596,16063.300751449753
333,305.1,14415.1,217.8,11699.7,675.6,30142.3,308.779477518543,15239.200375724877
334,293.5,13896.3,217.8,11699.7,675.6,30142.3,301.1397387592715,14567.750187862439
335,292.1,13919.7,217.8,11699.7,675.6,30142.3,296.61986937963576,14243.72509393122
336,291.5,14003.0,217.8,11699.7,675.6,30142.3,294.05993468981785,14123.36254696561
337,298.9,13573.2,217.8,11699.7,675.6,30142.3,296.4799673449089,13848.281273482806
338,291.0,13407.7,217.8,11699.7,675.6,30142.3,293.73998367245446,13627.990636741404
339,279.8,13878.6,217.8,11699.7,675.6,30142.3,286.76999183622723,13753.295318370703
340,301.2,14331.2,217.8,11699.7,675.6,30142.3,293.9849959181136,14042.247659185352
341,338.3,13866.4,217.8,11699.7,675.6,30142.3,316.1424979590568,13954.323829592675
342,295.7,13598.6,217.8,11699.7,675.6,30142.3,305.9212489795284,13776.461914796339
343,276.3,13342.4,217.8,11699.7,675.6,30142.3,291.1106244897642,13559.43095739817
344,354.6,12974.3,217.8,11699.7,675.6,30142.3,322.8553122448821,13266.865478699085
345,255.6,12857.1,217.8,11699.7,675.6,30142.3,289.22765612244103,13061.982739349543
346,273.7,13054.4,217.8,11699.7,675.6,30142.3,281.4638280612205,13058.191369674772
347,278.3,13202.5,217.8,11699.7,675.6,30142.3,279.88191403061023,13130.345684837386
348,285.7,13223.7,217.8,11699.7,675.6,30142.3,282.79095701530514,13177.022842418693
349,272.4,13001.3,217.8,11699.7,675.6,30142.3,277.59547850765256,13089.161421209346
350,251.0,12718.7,217.8,11699.7,675.6,30142.3,264.2977392538263,12903.930710604673
351,271.3,12498.9,217.8,11699.7,675.6,30142.3,267.7988696269132,12701.415355302335
352,247.0,12523.8,217.8,11699.7,675.6,30142.3,257.3994348134566,12612.607677651167
353,264.7,12559.2,217.8,11699.7,675.6,30142.3,261.0497174067283,12585.903838825583
354,265.1,12555.8,217.8,11699.7,675.6,30142.3,263.07485870336416,12570.851919412791
355,241.8,12834.0,217.8,11699.7,675.6,30142.3,252.43742935168208,12702.425959706396
356,283.0,13065.0,217.8,11699.7,675.6,30142.3,267.71871467584106,12883.712979853197
357,290.9,12913.6,217.8,11699.7,675.6,30142.3,279.3093573379205,12898.656489926598
358,278.0,12894.7,217.8,11699.7,675.6,30142.3,278.6546786689603,12896.6782449633
359,283.4,13457.7,217.8,11699.7,675.6,30142.3,281.02733933448013,13177.18912248165
360,308.7,13059.2,217.8,11699.7,675.6,30142.3,294.86366966724006,13118.194561240825
361,282.1,13095.2,217.8,11699.7,675.6,30142.3,288.48183483362004,13106.697280620414
362,276.4,13219.6,217.8,11699.7,675.6,30142.3,282.44091741681,13163.148640310206
363,271.5,12817.2,217.8,11699.7,675.6,30142.3,276.970458708405,12990.174320155103
364,251.0,12884.9,217.8,11699.7,675.6,30142.3,263.9852293542025,12937.53716007755
365,268.0,12900.5,217.8,11699.7,675.6,30142.3,265.99261467710124,12919.018580038775
366,276.8,12752.5,217.8,11699.7,675.6,30142.3,271.3963073385506,12835.759290019389
367,267.3,12659.5,217.8,11699.7,675.6,30142.3,269.34815366927535,12747.629645009694
368,267.3,12751.2,217.8,11699.7,675.6,30142.3,268.3240768346377,12749.414822504848
369,278.4,12646.8,217.8,11699.7,675.6,30142.3,273.36203841731884,12698.107411252424
370,284.0,12642.7,217.8,11699.7,675.6,30142.3,278.68101920865945,12670.403705626213
371,267.4,12718.7,217.8,11699.7,675.6,30142.3,273.0405096043297,12694.551852813107
372,323.6,12604.8,217.8,11699.7,675.6,30142.3,298.32025480216487,12649.675926406553
373,264.5,13155.7,217.8,11699.7,675.6,30142.3,281.41012740108243,12902.687963203276
374,263.5,13245.1,217.8,11699.7,675.6,30142.3,272.45506370054125,13073.89398160164
375,284.4,13196.8,217.8,11699.7,675.6,30142.3,278.4275318502706,13135.34699080082
376,280.1,13196.0,217.8,11699.7,675.6,30142.3,279.2637659251353,13165.67349540041
377,275.1,13029.9,217.8,11699.7,675.6,30142.3,277.18188296256767,13097.786747700204
378,280.2,12929.9,217.8,11699.7,675.6,30142.3,278.69094148128386,13013.8433738501
379,287.5,12497.6,217.8,11699.7,675.6,30142.3,283.09547074064193,12755.721686925051
380,250.4,12884.3,217.8,11699.7,675.6,30142.3,266.747735370321,12820.010843462525
381,249.1,12842.8,217.8,11699.7,675.6,30142.3,257.9238676851605,12831.405421731262
382,265.6,12769.5,217.8,11699.7,675.6,30142.3,261.7619338425802,12800.452710865631
383,273.3,12574.0,217.8,11699.7,675.6,30142.3,267.5309669212901,12687.226355432816
384,236.8,12474.2,217.8,11699.7,675.6,30142.3,252.16548346064505,12580.713177716409
385,264.6,12462.2,217.8,11699.7,675.6,30142.3,258.38274173032255,12521.456588858204
386,231.8,12740.1,217.8,11699.7,675.6,30142.3,245.09137086516128,12630.778294429103
387,280.2,12751.7,217.8,11699.7,675.6,30142.3,262.64568543258065,12691.239147214552
388,316.6,13534.7,217.8,11699.7,675.6,30142.3,289.62284271629034,13112.969573607275
389,372.4,13375.2,217.8,11699.7,675.6,30142.3,331.0114213581452,13244.084786803638
390,273.3,12805.2,217.8,11699.7,675.6,30142.3,302.1557106790726,13024.64239340182
391,272.6,13267.5,217.8,11699.7,675.6,30142.3,287.3778553395363,13146.07119670091
392,274.2,12876.2,217.8,11699.7,675.6,30142.3,280.78892766976816,13011.135598350455
393,265.7,12570.4,217.8,11699.7,675.6,30142.3,273.2444638348841,12790.767799175228
394,250.7,12976.7,217.8,11699.7,675.6,30142.3,261.97223191744206,12883.733899587614
395,275.7,12754.5,217.8,11699.7,675.6,30142.3,268.83611595872105,12819.116949793806
396,280.9,12838.8,217.8,11699.7,675.6,30142.3,274.8680579793605,12828.958474896903
397,327.7,12872.4,217.8,11699.7,675.6,30142.3,301.2840289896802,12850.67923744845
398,287.8,12878.0,217.8,11699.7,675.6,30142.3,294.54201449484015,12864.339618724225
399,269.4,12765.0,217.8,11699.7,675.6,30142.3,281.97100724742006,12814.669809362113
400,271.3,12802.9,217.8,11699.7,675.6,30142.3,276.63550362371006,12808.784904681055
401,257.1,12645.8,217.8,11699.7,675.6,30142.3,266.86775181185504,12727.292452340527
402,267.4,12627.1,217.8,11699.7,675.6,30142.3,267.13387590592754,12677.196226170265
403,267.5,12765.1,217.8,11699.7,675.6,30142.3,267.31693795296377,12721.148113085132
404,261.6,12565.1,217.8,11699.7,675.6,30142.3,264.45846897648187,12643.124056542565
405,276.0,14596.7,217.8,11699.7,675.6,30142.3,270.22923448824093,13619.912028271283
406,350.4,14404.2,217.8,11699.7,675.6,30142.3,310.3146172441204,14012.056014135642
407,459.3,26297.7,217.8,11699.7,675.6,30142.3,384.8073086220602,20154.878007067822
408,321.7,14844.8,217.8,11699.7,675.6,30142.3,353.2536543110301,17499.83900353391
409,299.6,14255.7,217.8,11699.7,675.6,30142.3,326.42682715551507,15877.769501766956
410,296.5,13821.8,217.8,11699.7,675.6,30142.3,311.46341357775754,14849.784750883478
411,292.0,13819.7,217.8,11699.7,675.6,30142.3,301.7317067888788,14334.74237544174
412,295.8,14912.8,217.8,11699.7,675.6,30142.3,298.76585339443943,14623.77118772087
413,299.8,14839.9,217.8,11699.7,675.6,30142.3,299.28292669721975,14731.835593860435
414,306.5,14507.5,217.8,11699.7,675.6,30142.3,302.8914633486099,14619.667796930218
415,310.8,14142.4,217.8,11699.7,675.6,30142.3,306.84573167430494,14381.03389846511
416,324.2,13772.3,217.8,11699.7,675.6,30142.3,315.5228658371525,14076.666949232555
417,309.8,14182.9,217.8,11699.7,675.6,30142.3,312.6614329185762,14129.783474616277
418,374.0,15560.7,217.8,11699.7,675.6,30142.3,343.3307164592881,14845.241737308139
419,458.9,14309.6,217.8,11699.7,675.6,30142.3,401.115358229644,14577.42086865407
420,327.3,15045.0,217.8,11699.7,675.6,30142.3,364.207679114822,14811.210434327035
421,318.0,16422.2,217.8,11699.7,675.6,30142.3,341.103839557411,15616.705217163519
422,302.0,16634.2,217.8,11699.7,675.6,30142.3,321.5519197787055,16125.45260858176
423,324.4,14697.6,217.8,11699.7,675.6,30142.3,322.97595988935274,15411.526304290881
424,313.2,14326.8,217.8,11699.7,675.6,30142.3,318.08797994467636,14869.16315214544
425,322.9,14164.5,217.8,11699.7,675.6,30142.3,320.49398997233817,14516.83157607272
426,307.8,14112.5,217.8,11699.7,675.6,30142.3,314.1469949861691,14314.66578803636
427,349.9,13941.0,217.8,11699.7,675.6,30142.3,332.0234974930845,14127.83289401818
428,327.7,13603.4,217.8,11699.7,675.6,30142.3,329.8617487465423,13865.61644700909
429,278.1,13803.0,217.8,11699.7,675.6,30142.3,303.98087437327115,13834.308223504544
430,296.3,13737.6,217.8,11699.7,675.6,30142.3,300.1404371866356,13785.954111752271
431,297.1,13895.8,217.8,11699.7,675.6,30142.3,298.6202185933178,13840.877055876135
432,306.5,13657.6,217.8,11699.7,675.6,30142.3,302.5601092966589,13749.238527938069
433,292.0,13575.0,217.8,11699.7,675.6,30142.3,297.28005464832944,13662.119263969034
434,303.6,13573.8,217.8,11699.7,675.6,30142.3,300.4400273241647,13617.959631984517
435,311.6,13237.4,217.8,11699.7,675.6,30142.3,306.02001366208236,13427.679815992258
436,296.5,13475.5,217.8,11699.7,675.6,30142.3,301.2600068310412,13451.58990799613
437,286.7,12906.8,217.8,11699.7,675.6,30142.3,293.9800034155206,13179.194953998063
438,284.6,14331.1,217.8,11699.7,675.6,30142.3,289.2900017077603,13755.147476999031
439,475.7,15751.2,217.8,11699.7,675.6,30142.3,382.49500085388013,14753.173738499516
440,455.8,13553.2,217.8,11699.7,675.6,30142.3,419.14750042694004,14153.18686924976
441,362.9,13310.5,217.8,11699.7,675.6,30142.3,391.02375021347,13731.84343462488
442,289.3,13253.3,217.8,11699.7,675.6,30142.3,340.161875106735,13492.57171731244
443,291.9,13666.5,217.8,11699.7,675.6,30142.3,316.0309375533675,13579.53585865622
444,279.1,13373.6,217.8,11699.7,675.6,30142.3,297.56546877668376,13476.56792932811
445,287.6,13823.1,217.8,11699.7,675.6,30142.3,292.5827343883419,13649.833964664056
446,283.9,13098.9,217.8,11699.7,675.6,30142.3,288.24136719417095,13374.366982332027
447,280.0,16070.1,217.8,11699.7,675.6,30142.3,284.1206835970855,14722.233491166015
448,331.6,13258.3,217.8,11699.7,675.6,30142.3,307.8603417985428,13990.266745583007
449,299.8,13940.7,217.8,11699.7,675.6,30142.3,303.83017089927137,13965.483372791503
450,322.9,13158.0,217.8,11699.7,675.6,30142.3,313.36508544963567,13561.741686395751
451,281.4,13645.7,217.8,11699.7,675.6,30142.3,297.3825427248178,13603.720843197876
452,282.6,13093.6,217.8,11699.7,675.6,30142.3,289.99127136240895,13348.66042159894
453,293.3,13051.3,217.8,11699.7,675.6,30142.3,291.64563568120445,13199.98021079947
454,266.0,13203.6,217.8,11699.7,675.6,30142.3,278.8228178406022,13201.790105399734
455,266.3,13108.5,217.8,11699.7,675.6,30142.3,272.5614089203011,13155.145052699867
456,269.7,13150.8,217.8,11699.7,675.6,30142.3,271.1307044601506,13152.972526349933
457,279.6,13139.3,217.8,11699.7,675.6,30142.3,275.3653522300753,13146.136263174965
458,269.5,12513.6,217.8,11699.7,675.6,30142.3,272.4326761150377,12829.868131587482
459,262.5,12770.5,217.8,11699.7,675.6,30142.3,267.46633805751884,12800.184065793741
460,262.3,12691.6,217.8,11699.7,675.6,30142.3,264.8831690287594,12745.89203289687
461,260.2,12903.9,217.8,11699.7,675.6,30142.3,262.5415845143797,12824.896016448434
462,282.2,12602.3,217.8,11699.7,675.6,30142.3,272.3707922571898,12713.598008224217
463,329.5,12490.9,217.8,11699.7,675.6,30142.3,300.9353961285949,12602.24900411211
464,249.4,12712.5,217.8,11699.7,675.6,30142.3,275.16769806429744,12657.374502056055
465,268.2,12798.0,217.8,11699.7,675.6,30142.3,271.6838490321487,12727.687251028026
466,271.9,13002.6,217.8,11699.7,675.6,30142.3,271.79192451607435,12865.143625514014
467,293.7,13783.5,217.8,11699.7,675.6,30142.3,282.74596225803714,13324.321812757007
468,325.9,13137.1,217.8,11699.7,675.6,30142.3,304.32298112901856,13230.710906378503
469,257.9,13113.1,217.8,11699.7,675.6,30142.3,281.11149056450927,13171.90545318925
470,274.0,12408.9,217.8,11699.7,675.6,30142.3,277.55574528225463,12790.402726594624
471,274.0,12422.6,217.8,11699.7,675.6,30142.3,275.7778726411273,12606.501363297313
472,268.4,12361.8,217.8,11699.7,675.6,30142.3,272.0889363205637,12484.150681648656
473,282.3,12387.1,217.8,11699.7,675.6,30142.3,277.1944681602819,12435.625340824328
474,265.6,12467.4,217.8,11699.7,675.6,30142.3,271.39723408014095,12451.512670412165
475,260.3,13295.4,217.8,11699.7,675.6,30142.3,265.8486170400705,12873.456335206083
476,256.3,12258.9,217.8,11699.7,675.6,30142.3,261.0743085200353,12566.17816760304
477,297.9,12409.6,217.8,11699.7,675.6,30142.3,279.48715426001763,12487.889083801521
478,259.0,12377.8,217.8,11699.7,675.6,30142.3,269.2435771300088,12432.84454190076
479,273.5,12594.0,217.8,11699.7,675.6,30142.3,271.3717885650044,12513.422270950381
480,261.6,12860.3,217.8,11699.7,675.6,30142.3,266.4858942825022,12686.86113547519
481,416.3,12152.5,217.8,11699.7,675.6,30142.3,341.3929471412511,12419.680567737596
482,242.7,14181.0,217.8,11699.7,675.6,30142.3,292.04647357062555,13300.340283868798
483,268.5,12965.2,217.8,11699.7,675.6,30142.3,280.27323678531275,13132.7701419344
484,265.7,12542.6,217.8,11699.7,675.6,30142.3,272.9866183926564,12837.6850709672
485,260.8,12270.1,217.8,11699.7,675.6,30142.3,266.89330919632823,12553.8925354836
486,252.7,12216.7,217.8,11699.7,675.6,30142.3,259.7966545981641,12385.2962677418
487,245.5,12362.5,217.8,11699.7,675.6,30142.3,252.64832729908204,12373.8981338709
488,261.0,12188.8,217.8,11699.7,675.6,30142.3,256.824163649541,12281.34906693545
489,232.7,12278.3,217.8,11699.7,675.6,30142.3,244.7620818247705,12279.824533467725
490,229.8,12349.5,217.8,11699.7,675.6,30142.3,237.28104091238527,12314.662266733863
491,241.9,12248.1,217.8,11699.7,675.6,30142.3,239.59052045619262,12281.381133366933
492,243.3,11958.2,217.8,11699.7,675.6,30142.3,241.44526022809632,12119.790566683467
493,364.8,11960.0,217.8,11699.7,675.6,30142.3,303.12263011404815,12039.895283341733
494,239.4,11804.5,217.8,11699.7,675.6,30142.3,271.2613150570241,11922.197641670868
495,232.4,11906.6,217.8,11699.7,675.6,30142.3,251.83065752851206,11914.398820835435
496,226.5,11803.3,217.8,11699.7,675.6,30142.3,239.16532876425603,11858.849410417717
497,236.3,11712.7,217.8,11699.7,675.6,30142.3,237.732664382128,11785.77470520886
498,236.6,11764.1,217.8,11699.7,675.6,30142.3,237.166332191064,11774.93735260443
499,232.5,12065.5,217.8,11699.7,675.6,30142.3,234.833166095532,11920.218676302215
500,239.6,12100.8,217.8,11699.7,675.6,30142.3,237.216583047766,12010.509338151107
501,239.2,11942.2,217.8,11699.7,675.6,30142.3,238.208291523883,11976.354669075554
502,229.4,11786.5,217.8,11699.7,675.6,30142.3,233.8041457619415,11881.427334537777
503,226.2,11828.6,217.8,11699.7,675.6,30142.3,230.00207288097073,11855.01366726889
504,231.9,11609.7,217.8,11609.7,675.6,30142.3,230.95103644048538,11732.356833634445
505,230.2,11564.5,217.8,11564.5,675.6,30142.3,230.57551822024269,11648.428416817223
506,229.6,11575.0,217.8,11564.5,675.6,30142.3,230.08775911012134,11611.714208408612
507,231.9,11866.2,217.8,11564.5,675.6,30142.3,230.9938795550607,11738.957104204306
508,225.1,11710.0,217.8,11564.5,675.6,30142.3,228.04693977753033,11724.478552102153
509,220.1,12197.6,217.8,11564.5,675.6,30142.3,224.07346988876515,11961.039276051077
510,256.7,12207.3,217.8,11564.5,675.6,30142.3,240.38673494438257,12084.169638025538
511,240.7,11895.2,217.8,11564.5,675.6,30142.3,240.54336747219128,11989.68481901277
512,224.6,11815.6,217.8,11564.5,675.6,30142.3,232.57168373609562,11902.642409506385
513,227.9,12857.3,217.8,11564.5,675.6,30142.3,230.23584186804783,12379.971204753192
514,265.1,12721.3,217.8,11564.5,675.6,30142.3,247.66792093402393,12550.635602376595
515,259.8,12252.4,217.8,11564.5,675.6,30142.3,253.73396046701197,12401.517801188296
516,264.4,11872.4,217.8,11564.5,675.6,30142.3,259.066980233506,12136.958900594149
517,241.1,12093.9,217.8,11564.5,675.6,30142.3,250.083490116753,12115.429450297073
518,248.3,11949.6,217.8,11564.5,675.6,30142.3,249.1917450583765,12032.514725148536
519,258.1,12166.7,217.8,11564.5,675.6,30142.3,253.64587252918827,12099.607362574268
520,233.1,11831.9,217.8,11564.5,675.6,30142.3,243.37293626459413,11965.753681287133
521,237.4,11974.6,217.8,11564.5,675.6,30142.3,240.38646813229707,11970.176840643566
522,231.7,11956.1,217.8,11564.5,675.6,30142.3,236.04323406614853,11963.138420321782
523,256.6,12025.6,217.8,11564.5,675.6,30142.3,246.3216170330743,11994.36921016089
524,248.4,11927.8,217.8,11564.5,675.6,30142.3,247.36080851653713,11961.084605080445
525,282.9,11838.5,217.8,11564.5,675.6,30142.3,265.1304042582685,11899.792302540223
526,245.9,12060.7,217.8,11564.5,675.6,30142.3,255.51520212913425,11980.246151270112
527,254.6,12356.6,217.8,11564.5,675.6,30142.3,255.0576010645671,12168.423075635055
528,267.1,13137.8,217.8,11564.5,675.6,30142.3,261.0788005322836,12653.111537817527
529,322.5,12756.3,217.8,11564.5,675.6,30142.3,291.7894002661418,12704.705768908763
530,295.6,12600.4,217.8,11564.5,675.6,30142.3,293.6947001330709,12652.55288445438
531,271.5,12645.7,217.8,11564.5,675.6,30142.3,282.59735006653545,12649.12644222719
532,298.8,12882.9,217.8,11564.5,675.6,30142.3,290.6986750332677,12766.013221113595
533,294.1,12994.4,217.8,11564.5,675.6,30142.3,292.39933751663386,12880.206610556797
534,440.8,13749.0,217.8,11564.5,675.6,30142.3,366.59966875831697,13314.603305278399
535,292.1,13010.2,217.8,11564.5,675.6,30142.3,329.3498343791585,13162.4016526392
536,278.2,13169.7,217.8,11564.5,675.6,30142.3,303.77491718957924,13166.0508263196
537,285.1,12992.9,217.8,11564.5,675.6,30142.3,294.43745859478963,13079.4754131598
538,285.2,12724.3,217.8,11564.5,675.6,30142.3,289.81872929739484,12901.887706579899
539,361.2,13513.4,217.8,11564.5,675.6,30142.3,325.50936464869744,13207.643853289948
540,288.0,13332.5,217.8,11564.5,675.6,30142.3,306.7546823243487,13270.071926644974
541,291.2,13582.3,217.8,11564.5,675.6,30142.3,298.97734116217435,13426.185963322487
542,298.7,13089.5,217.8,11564.5,675.6,30142.3,298.8386705810872,13257.842981661244
543,273.7,12903.4,217.8,11564.5,675.6,30142.3,286.2693352905436,13080.621490830621
544,276.0,12595.6,217.8,11564.5,675.6,30142.3,281.1346676452718,12838.11074541531
545,236.6,12842.6,217.8,11564.5,675.6,30142.3,258.8673338226359,12840.355372707654
546,264.1,12756.8,217.8,11564.5,675.6,30142.3,261.483666911318,12798.577686353827
547,267.2,12596.1,217.8,11564.5,675.6,30142.3,264.34183345565896,12697.338843176913
548,253.0,12522.3,217.8,11564.5,675.6,30142.3,258.6709167278295,12609.819421588456
549,239.2,12519.2,217.8,11564.5,675.6,30142.3,248.93545836391473,12564.509710794227
550,280.5,12101.2,217.8,11564.5,675.6,30142.3,264.71772918195734,12332.854855397114
551,230.5,12352.0,217.8,11564.5,675.6,30142.3,247.60886459097867,12342.427427698556
552,258.7,12226.0,217.8,11564.5,675.6,30142.3,253.15443229548933,12284.213713849278
553,247.1,12392.8,217.8,11564.5,675.6,30142.3,250.12721614774466,12338.50685692464
554,250.3,12794.2,217.8,11564.5,675.6,30142.3,250.21360807387234,12566.35342846232
555,301.3,12343.1,217.8,11564.5,675.6,30142.3,275.75680403693616,12454.726714231161
556,271.6,12860.7,217.8,11564.5,675.6,30142.3,273.6784020184681,12657.713357115581
557,276.2,13018.1,217.8,11564.5,675.6,30142.3,274.939201009234,12837.90667855779
558,322.7,12463.5,217.8,11564.5,675.6,30142.3,298.81960050461703,12650.703339278894
559,267.6,12451.5,217.8,11564.5,675.6,30142.3,283.2098002523085,12551.101669639447
560,303.6,12137.0,217.8,11564.5,675.6,30142.3,293.4049001261543,12344.050834819724
561,261.6,14507.0,217.8,11564.5,675.6,30142.3,277.50245006307716,13425.525417409863
562,320.2,12922.2,217.8,11564.5,675.6,30142.3,298.85122503153855,13173.862708704932
563,259.9,13672.4,217.8,11564.5,675.6,30142.3,279.37561251576926,13423.131354352467
564,266.3,13155.6,217.8,11564.5,675.6,30142.3,272.8378062578846,13289.365677176233
565,275.6,13057.8,217.8,11564.5,675.6,30142.3,274.2189031289423,13173.582838588116
566,284.2,13025.9,217.8,11564.5,675.6,30142.3,279.2094515644711,13099.741419294058
567,263.6,12607.8,217.8,11564.5,675.6,30142.3,271.4047257822356,12853.77070964703
568,334.0,12782.5,217.8,11564.5,675.6,30142.3,302.7023628911178,12818.135354823515
569,255.0,13916.9,217.8,11564.5,675.6,30142.3,278.8511814455589,13367.517677411757
570,268.0,14409.0,217.8,11564.5,675.6,30142.3,273.4255907227795,13888.258838705879
571,268.2,14839.4,217.8,11564.5,675.6,30142.3,270.8127953613897,14363.82941935294
572,456.8,15460.8,217.8,11564.5,675.6,30142.3,363.8063976806949,14912.31470967647
573,285.9,16433.8,217.8,11564.5,675.6,30142.3,324.85319884034743,15673.057354838234
574,295.1,14937.9,217.8,11564.5,675.6,30142.3,309.9765994201737,15305.478677419116
575,283.0,14775.7,217.8,11564.5,675.6,30142.3,296.48829971008684,15040.589338709558
576,291.3,13268.1,217.8,11564.5,675.6,30142.3,293.89414985504345,14154.34466935478
577,359.8,13094.3,217.8,11564.5,675.6,30142.3,326.8470749275217,13624.322334677388
578,272.2,13229.2,217.8,11564.5,675.6,30142.3,299.5235374637608,13426.761167338695
579,268.1,13739.0,217.8,11564.5,675.6,30142.3,283.8117687318804,13582.880583669346
580,283.2,13344.5,217.8,11564.5,675.6,30142.3,283.50588436594023,13463.690291834673
581,280.7,12936.0,217.8,11564.5,675.6,30142.3,282.1029421829701,13199.845145917338
582,276.4,12581.6,217.8,11564.5,675.6,30142.3,279.25147109148503,12890.722572958668
583,363.1,13180.9,217.8,11564.5,675.6,30142.3,321.17573554574255,13035.811286479333
584,271.2,12838.2,217.8,11564.5,675.6,30142.3,296.1878677728713,12937.005643239667
585,287.0,13234.8,217.8,11564.5,675.6,30142.3,291.59393388643565,13085.902821619833
586,290.3,13330.9,217.8,11564.5,675.6,30142.3,290.94696694321783,13208.401410809916
587,290.8,12493.8,217.8,11564.5,675.6,30142.3,290.8734834716089,12851.100705404959
588,282.7,13328.2,217.8,11564.5,675.6,30142.3,286.7867417358044,13089.65035270248
589,288.9,13530.3,217.8,11564.5,675.6,30142.3,287.8433708679022,13309.97517635124
590,284.9,13106.5,217.8,11564.5,675.6,30142.3,286.3716854339511,13208.23758817562
591,291.8,13308.9,217.8,11564.5,675.6,30142.3,289.08584271697555,13258.568794087809
592,273.3,13157.9,217.8,11564.5,675.6,30142.3,281.19292135848775,13208.234397043903
593,275.0,13717.7,217.8,11564.5,675.6,30142.3,278.0964606792439,13462.967198521952
594,283.9,13403.0,217.8,11564.5,675.6,30142.3,280.99823033962195,13432.983599260977
595,273.4,12709.2,217.8,11564.5,675.6,30142.3,277.19911516981097,13071.091799630489
596,257.9,12731.7,217.8,11564.5,675.6,30142.3,267.5495575849055,12901.395899815245
597,260.8,13165.3,217.8,11564.5,675.6,30142.3,264.17477879245274,13033.347949907622
598,278.3,12657.4,217.8,11564.5,675.6,30142.3,271.2373893962264,12845.37397495381
599,262.9,13229.5,217.8,11564.5,675.6,30142.3,267.0686946981132,13037.436987476905
600,277.4,13084.5,217.8,11564.5,675.6,30142.3,272.2343473490566,13060.968493738452
601,334.5,12746.1,217.8,11564.5,675.6,30142.3,303.3671736745283,12903.534246869225
602,278.1,12835.0,217.8,11564.5,675.6,30142.3,290.73358683726417,12869.267123434613
603,304.8,12675.0,217.8,11564.5,675.6,30142.3,297.7667934186321,12772.133561717306
604,258.6,12812.7,217.8,11564.5,675.6,30142.3,278.18339670931607,12792.416780858654
605,259.4,12855.8,217.8,11564.5,675.6,30142.3,268.791698354658,12824.108390429326
606,274.8,12732.2,217.8,11564.5,675.6,30142.3,271.79584917732905,12778.154195214664
607,275.4,12447.9,217.8,11564.5,675.6,30142.3,273.5979245886645,12613.027097607332
608,295.3,12942.4,217.8,11564.5,675.6,30142.3,284.44896229433226,12777.713548803666
609,274.1,12940.8,217.8,11564.5,675.6,30142.3,279.27448114716617,12859.256774401832
610,272.9,12902.6,217.8,11564.5,675.6,30142.3,276.0872405735831,12880.928387200916
611,276.1,12367.8,217.8,11564.5,675.6,30142.3,276.0936202867915,12624.364193600457
612,273.1,12111.4,217.8,11564.5,675.6,30142.3,274.59681014339577,12367.88209680023
613,245.9,12455.8,217.8,11564.5,675.6,30142.3,260.2484050716979,12411.841048400114
614,247.6,12478.1,217.8,11564.5,675.6,30142.3,253.92420253584896,12444.970524200056
615,271.9,12524.0,217.8,11564.5,675.6,30142.3,262.91210126792447,12484.485262100028
616,283.8,12319.7,217.8,11564.5,675.6,30142.3,273.35605063396224,12402.092631050014
617,331.2,12324.4,217.8,11564.5,675.6,30142.3,302.27802531698114,12363.246315525008
618,265.1,12270.4,217.8,11564.5,675.6,30142.3,283.6890126584906,12316.823157762505
619,333.7,12438.6,217.8,11564.5,675.6,30142.3,308.6945063292453,12377.711578881252
620,258.4,13384.3,217.8,11564.5,675.6,30142.3,283.54725316462265,12881.005789440625
621,327.0,12431.5,217.8,11564.5,675.6,30142.3,305.2736265823113,12656.252894720314
622,264.2,12548.2,217.8,11564.5,675.6,30142.3,284.7368132911556,12602.226447360157
623,265.9,12535.8,217.8,11564.5,675.6,30142.3,275.3184066455778,12569.013223680078
624,259.9,12190.5,217.8,11564.5,675.6,30142.3,267.60920332278886,12379.75661184004
625,270.6,12214.8,217.8,11564.5,675.6,30142.3,269.10460166139444,12297.27830592002
626,242.2,12448.3,217.8,11564.5,675.6,30142.3,255.65230083069721,12372.78915296001
627,255.3,12635.8,217.8,11564.5,675.6,30142.3,255.47615041534863,12504.294576480004
628,261.7,13263.7,217.8,11564.5,675.6,30142.3,258.5880752076743,12883.997288240003
629,273.6,12311.3,217.8,11564.5,675.6,30142.3,266.09403760383714,12597.648644120001
630,261.6,12319.5,217.8,11564.5,675.6,30142.3,263.8470188019186,12458.574322060002
631,269.6,12604.9,217.8,11564.5,675.6,30142.3,266.7235094009593,12531.73716103
632,270.6,12516.3,217.8,11564.5,675.6,30142.3,268.66175470047966,12524.018580515
633,277.4,12690.0,217.8,11564.5,675.6,30142.3,273.03087735023985,12607.0092902575
634,293.4,12364.4,217.8,11564.5,675.6,30142.3,283.2154386751199,12485.70464512875
635,272.7,12417.0,217.8,11564.5,675.6,30142.3,277.95771933756,12451.352322564375
636,259.2,12480.8,217.8,11564.5,675.6,30142.3,268.57885966877996,12466.076161282188
637,250.8,12377.4,217.8,11564.5,675.6,30142.3,259.68942983439,12421.738080641095
638,243.4,12298.8,217.8,11564.5,675.6,30142.3,251.544714917195,12360.269040320547
639,237.0,12349.8,217.8,11564.5,675.6,30142.3,244.2723574585975,12355.034520160272
640,246.4,12592.9,217.8,11564.5,675.6,30142.3,245.33617872929875,12473.967260080135
641,252.8,12818.7,217.8,11564.5,675.6,30142.3,249.06808936464938,12646.333630040068
642,300.8,12438.8,217.8,11564.5,675.6,30142.3,274.9340446823247,12542.566815020033
643,262.5,12339.9,217.8,11564.5,675.6,30142.3,268.71702234116236,12441.233407510015
644,252.8,12233.5,217.8,11564.5,675.6,30142.3,260.7585111705812,12337.366703755008
645,239.8,12618.6,217.8,11564.5,675.6,30142.3,250.2792555852906,12477.983351877505
646,269.5,13049.2,217.8,11564.5,675.6,30142.3,259.8896277926453,12763.591675938753
647,283.2,12231.1,217.8,11564.5,675.6,30142.3,271.54481389632264,12497.345837969377
648,245.5,12733.1,217.8,11564.5,675.6,30142.3,258.52240694816135,12615.222918984688
649,258.8,12385.6,217.8,11564.5,675.6,30142.3,258.6612034740807,12500.411459492345
650,265.8,13693.1,217.8,11564.5,675.6,30142.3,262.2306017370404,13096.755729746172
651,336.3,12514.8,217.8,11564.5,675.6,30142.3,299.26530086852017,12805.777864873085
652,269.3,12862.5,217.8,11564.5,675.6,30142.3,284.28265043426006,12834.138932436543
653,538.5,13042.0,217.8,11564.5,675.6,30142.3,411.39132521713003,12938.069466218272
654,325.4,13582.3,217.8,11564.5,675.6,30142.3,368.395662608565,13260.184733109136
655,271.2,14055.1,217.8,11564.5,675.6,30142.3,319.79783130428245,13657.642366554568
656,366.2,14857.1,217.8,11564.5,675.6,30142.3,342.99891565214125,14257.371183277284
657,289.8,13359.0,217.8,11564.5,675.6,30142.3,316.3994578260706,13808.185591638641
658,391.2,12747.2,217.8,11564.5,675.6,30142.3,353.7997289130353,13277.692795819321
659,278.8,13634.9,217.8,11564.5,675.6,30142.3,316.29986445651764,13456.29639790966
660,287.3,13976.7,217.8,11564.5,675.6,30142.3,301.79993222825885,13716.49819895483
661,275.9,14799.7,217.8,11564.5,675.6,30142.3,288.8499661141294,14258.099099477415
662,286.2,16135.6,217.8,11564.5,675.6,30142.3,287.5249830570647,15196.849549738708
663,297.6,15335.1,217.8,11564.5,675.6,30142.3,292.56249152853235,15265.974774869355
664,291.6,13946.6,217.8,11564.5,675.6,30142.3,292.0812457642662,14606.287387434677
665,321.2,13737.1,217.8,11564.5,675.6,30142.3,306.64062288213313,14171.693693717338
666,315.0,14356.3,217.8,11564.5,675.6,30142.3,310.82031144106656,14263.996846858669
667,335.7,13528.7,217.8,11564.5,675.6,30142.3,323.26015572053325,13896.348423429336
668,288.0,13441.0,217.8,11564.5,675.6,30142.3,305.6300778602666,13668.674211714668
669,290.5,13799.6,217.8,11564.5,675.6,30142.3,298.0650389301333,13734.137105857335
670,284.4,13780.5,217.8,11564.5,675.6,30142.3,291.2325194650666,13757.318552928667
671,299.9,13595.0,217.8,11564.5,675.6,30142.3,295.5662597325333,13676.159276464334
672,293.1,14109.0,217.8,11564.5,675.6,30142.3,294.33312986626663,13892.579638232168
673,321.3,13541.5,217.8,11564.5,675.6,30142.3,307.81656493313335,13717.039819116084
674,288.9,14070.9,217.8,11564.5,675.6,30142.3,298.35828246656666,13893.969909558042
675,294.2,13938.6,217.8,11564.5,675.6,30142.3,296.2791412332833,13916.284954779021
676,294.8,13783.0,217.8,11564.5,675.6,30142.3,295.53957061664164,13849.64247738951
677,312.0,14638.3,217.8,11564.5,675.6,30142.3,303.7697853083208,14243.971238694754
678,296.7,13758.3,217.8,11564.5,675.6,30142.3,300.2348926541604,14001.135619347377
679,313.4,13498.7,217.8,11564.5,675.6,30142.3,306.8174463270802,13749.917809673689
680,357.1,14666.8,217.8,11564.5,675.6,30142.3,331.95872316354007,14208.358904836845
681,354.0,14146.9,217.8,11564.5,675.6,30142.3,342.97936158177004,14177.629452418423
682,297.4,14099.7,217.8,11564.5,675.6,30142.3,320.189680790885,14138.664726209212
683,291.4,15496.6,217.8,11564.5,675.6,30142.3,305.7948403954425,14817.632363104607
684,301.0,16116.5,217.8,11564.5,675.6,30142.3,303.39742019772126,15467.066181552304
685,334.4,14821.2,217.8,11564.5,675.6,30142.3,318.89871009886065,15144.133090776151
686,317.0,15041.3,217.8,11564.5,675.6,30142.3,317.9493550494303,15092.716545388075
687,337.5,17687.6,217.8,11564.5,675.6,30142.3,327.72467752471516,16390.158272694036
688,333.7,16296.6,217.8,11564.5,675.6,30142.3,330.7123387623576,16343.379136347019
689,305.2,15767.4,217.8,11564.5,675.6,30142.3,317.9561693811788,16055.389568173508
690,305.2,14539.9,217.8,11564.5,675.6,30142.3,311.57808469058944,15297.644784086755
691,303.3,14425.1,217.8,11564.5,675.6,30142.3,307.43904234529475,14861.372392043377
692,292.9,14292.1,217.8,11564.5,675.6,30142.3,300.16952117264736,14576.736196021688
693,289.1,15260.6,217.8,11564.5,675.6,30142.3,294.6347605863237,14918.668098010843
694,298.4,13818.4,217.8,11564.5,675.6,30142.3,296.51738029316186,14368.534049005422
695,499.9,14266.4,217.8,11564.5,675.6,30142.3,398.2086901465809,14317.467024502712
696,296.2,13852.1,217.8,11564.5,675.6,30142.3,347.2043450732905,14084.783512251357
697,294.8,14851.1,217.8,11564.5,675.6,30142.3,321.0021725366453,14467.941756125678
698,320.8,14307.7,217.8,11564.5,675.6,30142.3,320.9010862683226,14387.82087806284
699,288.7,14794.0,217.8,11564.5,675.6,30142.3,304.80054313416133,14590.91043903142
700,278.0,14397.0,217.8,11564.5,675.6,30142.3,291.40027156708067,14493.95521951571
701,280.5,13193.5,217.8,11564.5,675.6,30142.3,285.9501357835403,13843.727609757854
702,280.4,13449.9,217.8,11564.5,675.6,30142.3,283.17506789177014,13646.813804878926
703,356.1,13436.2,217.8,11564.5,675.6,30142.3,319.6375339458851,13541.506902439463
704,273.8,13151.4,217.8,11564.5,675.6,30142.3,296.71876697294255,13346.453451219732
705,273.5,13386.2,217.8,11564.5,675.6,30142.3,285.1093834864713,13366.326725609866
706,276.7,13104.0,217.8,11564.5,675.6,30142.3,280.9046917432356,13235.163362804933
707,265.2,12991.8,217.8,11564.5,675.6,30142.3,273.05234587161783,13113.481681402467
708,292.0,12790.3,217.8,11564.5,675.6,30142.3,282.5261729358089,12951.890840701233
709,264.8,13137.7,217.8,11564.5,675.6,30142.3,273.66308646790446,13044.795420350616
710,276.4,12822.9,217.8,11564.5,675.6,30142.3,275.0315432339522,12933.847710175309
711,276.4,13268.0,217.8,11564.5,675.6,30142.3,275.7157716169761,13100.923855087654
712,267.1,12722.8,217.8,11564.5,675.6,30142.3,271.40788580848806,12911.861927543827
713,283.1,12639.3,217.8,11564.5,675.6,30142.3,277.253942904244,12775.580963771914
714,251.0,12665.9,217.8,11564.5,675.6,30142.3,264.126971452122,12720.740481885958
715,275.7,12795.7,217.8,11564.5,675.6,30142.3,269.913485726061,12758.22024094298
716,279.1,12859.5,217.8,11564.5,675.6,30142.3,274.5067428630305,12808.86012047149
717,262.5,12860.9,217.8,11564.5,675.6,30142.3,268.50337143151523,12834.880060235744
718,333.7,12806.5,217.8,11564.5,675.6,30142.3,301.10168571575764,12820.690030117872
719,282.2,13390.9,217.8,11564.5,675.6,30142.3,291.65084285787884,13105.795015058935
720,281.5,13010.1,217.8,11564.5,675.6,30142.3,286.5754214289394,13057.947507529469
721,268.6,13319.5,217.8,11564.5,675.6,30142.3,277.5877107144697,13188.723753764734
722,280.6,13064.2,217.8,11564.5,675.6,30142.3,279.0938553572349,13126.461876882368
723,307.8,12843.2,217.8,11564.5,675.6,30142.3,293.44692767861744,12984.830938441184
724,275.8,13683.5,217.8,11564.5,675.6,30142.3,284.6234638393087,13334.165469220592
725,283.6,13380.8,217.8,11564.5,675.6,30142.3,284.1117319196544,13357.482734610296
726,301.1,13497.6,217.8,11564.5,675.6,30142.3,292.6058659598272,13427.541367305148
727,290.9,13454.3,217.8,11564.5,675.6,30142.3,291.75293297991357,13440.920683652574
728,292.5,13348.9,217.8,11564.5,675.6,30142.3,292.1264664899568,13394.910341826286
729,438.1,14216.4,217.8,11564.5,675.6,30142.3,365.1132332449784,13805.655170913142
730,285.7,14596.4,217.8,11564.5,675.6,30142.3,325.4066166224892,14201.02758545657
731,290.2,15078.2,217.8,11564.5,675.6,30142.3,307.80330831124456,14639.613792728285
732,288.1,14868.8,217.8,11564.5,675.6,30142.3,297.9516541556223,14754.206896364143
733,278.0,15529.0,217.8,11564.5,675.6,30142.3,287.9758270778111,15141.603448182072
734,295.3,14773.1,217.8,11564.5,675.6,30142.3,291.63791353890554,14957.351724091037
735,274.3,14950.9,217.8,11564.5,675.6,30142.3,282.9689567694528,14954.12586204552
736,306.7,15981.4,217.8,11564.5,675.6,30142.3,294.83447838472637,15467.76293102276
737,297.6,16234.1,217.8,11564.5,675.6,30142.3,296.2172391923632,15850.931465511381
738,346.2,19389.5,217.8,11564.5,675.6,30142.3,321.2086195961816,17620.215732755692
739,327.4,15001.1,217.8,11564.5,675.6,30142.3,324.3043097980908,16310.657866377845
740,279.8,14152.8,217.8,11564.5,675.6,30142.3,302.0521548990454,15231.728933188922
741,314.5,14228.6,217.8,11564.5,675.6,30142.3,308.2760774495227,14730.164466594462
742,285.1,13703.0,217.8,11564.5,675.6,30142.3,296.6880387247613,14216.582233297231
743,334.2,13784.5,217.8,11564.5,675.6,30142.3,315.4440193623807,14000.541116648616
744,290.9,13805.6,217.8,11564.5,675.6,30142.3,303.17200968119033,13903.070558324307
745,283.2,14555.1,217.8,11564.5,675.6,30142.3,293.18600484059516,14229.085279162155
746,295.9,14132.4,217.8,11564.5,675.6,30142.3,294.54300242029757,14180.742639581076
747,297.3,13443.0,217.8,11564.5,675.6,30142.3,295.9215012101488,13811.871319790538
748,323.6,13922.5,217.8,11564.5,675.6,30142.3,309.7607506050744,13867.185659895269
749,294.8,13442.0,217.8,11564.5,675.6,30142.3,302.2803753025372,13654.592829947635
750,418.1,13174.2,217.8,11564.5,675.6,30142.3,360.1901876512686,13414.396414973817
751,306.5,13516.1,217.8,11564.5,675.6,30142.3,333.3450938256343,13465.248207486908
752,273.2,13872.9,217.8,11564.5,675.6,30142.3,303.2725469128171,13669.074103743453
753,283.7,13565.3,217.8,11564.5,675.6,30142.3,293.4862734564085,13617.187051871726
754,293.3,13710.2,217.8,11564.5,675.6,30142.3,293.39313672820424,13663.693525935863
755,294.5,13925.6,217.8,11564.5,675.6,30142.3,293.9465683641021,13794.646762967932
756,329.8,13020.4,217.8,11564.5,675.6,30142.3,311.87328418205107,13407.523381483967
757,294.3,14101.3,217.8,11564.5,675.6,30142.3,303.0866420910255,13754.411690741983
758,290.7,15460.2,217.8,11564.5,675.6,30142.3,296.8933210455127,14607.305845370993
759,296.8,13797.4,217.8,11564.5,675.6,30142.3,296.84666052275634,14202.352922685495
760,298.8,13704.6,217.8,11564.5,675.6,30142.3,297.82333026137815,13953.476461342747
761,286.2,13735.9,217.8,11564.5,675.6,30142.3,292.01166513068904,13844.688230671374
762,301.8,14268.9,217.8,11564.5,675.6,30142.3,296.90583256534455,14056.794115335688
763,317.9,13607.5,217.8,11564.5,675.6,30142.3,307.40291628267227,13832.147057667844
764,370.2,13216.5,217.8,11564.5,675.6,30142.3,338.8014581413361,13524.323528833922
765,271.7,13326.9,217.8,11564.5,675.6,30142.3,305.25072907066806,13425.61176441696
766,282.5,13482.9,217.8,11564.5,675.6,30142.3,293.87536453533403,13454.25588220848
767,276.0,13465.3,217.8,11564.5,675.6,30142.3,284.937682267667,13459.77794110424
768,301.1,13206.3,217.8,11564.5,675.6,30142.3,293.0188411338335,13333.03897055212
769,296.5,13255.7,217.8,11564.5,675.6,30142.3,294.7594205669168,13294.36948527606
770,289.4,13376.9,217.8,11564.5,675.6,30142.3,292.0797102834584,13335.63474263803
771,279.3,13144.3,217.8,11564.5,675.6,30142.3,285.6898551417292,13239.967371319015
772,292.9,13291.2,217.8,11564.5,675.6,30142.3,289.2949275708646,13265.583685659509
773,300.5,13933.4,217.8,11564.5,675.6,30142.3,294.8974637854323,13599.491842829753
774,347.3,13054.4,217.8,11564.5,675.6,30142.3,321.09873189271616,13326.945921414877
775,285.7,13129.2,217.8,11564.5,675.6,30142.3,303.3993659463581,13228.072960707439
776,272.9,13305.6,217.8,11564.5,675.6,30142.3,288.14968297317904,13266.836480353719
777,286.6,13212.4,217.8,11564.5,675.6,30142.3,287.3748414865895,13239.61824017686
778,272.5,13152.1,217.8,11564.5,675.6,30142.3,279.93742074329475,13195.85912008843
779,282.8,12964.3,217.8,11564.5,675.6,30142.3,281.36871037164735,13080.079560044214
780,253.2,12846.7,217.8,11564.5,675.6,30142.3,267.28435518582364,12963.389780022108
781,260.3,13037.1,217.8,11564.5,675.6,30142.3,263.7921775929118,13000.244890011054
782,246.4,12545.1,217.8,11564.5,675.6,30142.3,255.0960887964559,12772.672445005526
783,259.8,12497.5,217.8,11564.5,675.6,30142.3,257.4480443982279,12635.086222502763
784,259.5,12697.3,217.8,11564.5,675.6,30142.3,258.47402219911396,12666.193111251381
785,254.7,12755.9,217.8,11564.5,675.6,30142.3,256.587011099557,12711.04655562569
786,272.9,12669.8,217.8,11564.5,675.6,30142.3,264.7435055497785,12690.423277812844
787,271.3,12665.2,217.8,11564.5,675.6,30142.3,268.02175277488925,12677.811638906423
788,270.9,12673.8,217.8,11564.5,675.6,30142.3,269.4608763874446,12675.805819453211
789,274.6,12658.1,217.8,11564.5,675.6,30142.3,272.0304381937223,12666.952909726606
790,259.9,12457.0,217.8,11564.5,675.6,30142.3,265.9652190968611,12561.976454863303
791,230.6,12101.4,217.8,11564.5,675.6,30142.3,248.28260954843057,12331.688227431652
792,247.5,12239.2,217.8,11564.5,675.6,30142.3,247.89130477421529,12285.444113715826
793,242.2,12143.0,217.8,11564.5,675.6,30142.3,245.04565238710762,12214.222056857914
794,244.6,12198.5,217.8,11564.5,675.6,30142.3,244.8228261935538,12206.361028428957
795,238.1,12114.8,217.8,11564.5,675.6,30142.3,241.46141309677688,12160.580514214478
796,243.0,12132.5,217.8,11564.5,675.6,30142.3,242.23070654838844,12146.540257107239
797,243.0,12059.6,217.8,11564.5,675.6,30142.3,242.6153532741942,12103.07012855362
798,236.8,12048.2,217.8,11564.5,675.6,30142.3,239.7076766370971,12075.63506427681
799,263.9,12021.7,217.8,11564.5,675.6,30142.3,251.80383831854854,12048.667532138406
800,262.5,12450.6,217.8,11564.5,675.6,30142.3,257.15191915927426,12249.633766069204
801,262.2,12573.6,217.8,11564.5,675.6,30142.3,259.67595957963715,12411.616883034603
802,320.3,12437.9,217.8,11564.5,675.6,30142.3,289.9879797898186,12424.7584415173
803,263.3,12483.1,217.8,11564.5,675.6,30142.3,276.6439898949093,12453.929220758651
804,264.4,12295.0,217.8,11564.5,675.6,30142.3,270.52199494745463,12374.464610379326
805,271.6,12193.7,217.8,11564.5,675.6,30142.3,271.0609974737273,12284.082305189662
806,256.6,12115.2,217.8,11564.5,675.6,30142.3,263.83049873686366,12199.641152594832
807,244.5,12203.8,217.8,11564.5,675.6,30142.3,254.16524936843183,12201.720576297415
808,248.5,12539.1,217.8,11564.5,675.6,30142.3,251.33262468421592,12370.410288148709
809,291.7,12500.2,217.8,11564.5,675.6,30142.3,271.51631234210794,12435.305144074355
810,276.0,12310.1,217.8,11564.5,675.6,30142.3,273.758156171054,12372.702572037178
811,282.8,12206.4,217.8,11564.5,675.6,30142.3,278.279078085527,12289.551286018588
812,256.1,12275.9,217.8,11564.5,675.6,30142.3,267.1895390427635,12282.725643009293
813,247.2,12477.9,217.8,11564.5,675.6,30142.3,257.1947695213818,12380.312821504645
814,266.9,12517.5,217.8,11564.5,675.6,30142.3,262.0473847606909,12448.906410752323
815,236.5,12706.0,217.8,11564.5,675.6,30142.3,249.27369238034544,12577.453205376161
816,381.5,12863.0,217.8,11564.5,675.6,30142.3,315.3868461901727,12720.22660268808
817,266.4,12724.3,217.8,11564.5,675.6,30142.3,290.89342309508635,12722.263301344039
818,241.4,12652.5,217.8,11564.5,675.6,30142.3,266.1467115475432,12687.38165067202
819,248.1,12172.8,217.8,11564.5,675.6,30142.3,257.1233557737716,12430.09082533601
820,246.9,12130.3,217.8,11564.5,675.6,30142.3,252.01167788688582,12280.195412668005
821,241.3,12113.2,217.8,11564.5,675.6,30142.3,246.65583894344292,12196.697706334002
822,279.1,12361.2,217.8,11564.5,675.6,30142.3,262.8779194717215,12278.948853167001
823,288.5,13223.2,217.8,11564.5,675.6,30142.3,275.68895973586075,12751.074426583502
824,275.4,12504.7,217.8,11564.5,675.6,30142.3,275.54447986793036,12627.887213291751
825,279.6,12729.6,217.8,11564.5,675.6,30142.3,277.5722399339652,12678.743606645876
826,274.3,12638.8,217.8,11564.5,675.6,30142.3,275.9361199669826,12658.771803322938
827,284.2,12499.2,217.8,11564.5,675.6,30142.3,280.06805998349125,12578.985901661468
828,246.4,13232.0,217.8,11564.5,675.6,30142.3,263.2340299917456,12905.492950830734
829,275.1,12929.7,217.8,11564.5,675.6,30142.3,269.1670149958728,12917.596475415368
830,269.1,12893.3,217.8,11564.5,675.6,30142.3,269.1335074979364,12905.448237707684
831,280.6,12546.0,217.8,11564.5,675.6,30142.3,274.8667537489682,12725.724118853843
832,248.9,12361.8,217.8,11564.5,675.6,30142.3,261.8833768744841,12543.762059426921
833,266.5,12097.4,217.8,11564.5,675.6,30142.3,264.1916884372421,12320.58102971346
834,257.9,12254.0,217.8,11564.5,675.6,30142.3,261.045844218621,12287.29051485673
835,239.4,12161.6,217.8,11564.5,675.6,30142.3,250.2229221093105,12224.445257428364
836,259.9,12079.3,217.8,11564.5,675.6,30142.3,255.06146105465524,12151.872628714182
837,227.8,11993.0,217.8,11564.5,675.6,30142.3,241.43073052732763,12072.436314357092
838,242.7,12045.0,217.8,11564.5,675.6,30142.3,242.0653652636638,12058.718157178546
839,241.5,12143.5,217.8,11564.5,675.6,30142.3,241.7826826318319,12101.109078589274
840,242.4,12041.9,217.8,11564.5,675.6,30142.3,242.09134131591594,12071.504539294638
841,263.8,11912.2,217.8,11564.5,675.6,30142.3,252.94567065795798,11991.85226964732
842,236.8,11869.1,217.8,11564.5,675.6,30142.3,244.872835328979,11930.47613482366
843,240.2,11907.3,217.8,11564.5,675.6,30142.3,242.53641766448948,11918.88806741183
844,237.8,11870.1,217.8,11564.5,675.6,30142.3,240.16820883224474,11894.494033705916
845,223.9,11989.2,217.8,11564.5,675.6,30142.3,232.03410441612237,11941.847016852958
846,224.5,11807.5,217.8,11564.5,675.6,30142.3,228.2670522080612,11874.67350842648
847,237.4,12524.4,217.8,11564.5,675.6,30142.3,232.8335261040306,12199.53675421324
848,246.3,11887.4,217.8,11564.5,675.6,30142.3,239.5667630520153,12043.46837710662
849,225.6,11899.6,217.8,11564.5,675.6,30142.3,232.58338152600766,11971.534188553309
850,242.7,11880.0,217.8,11564.5,675.6,30142.3,237.64169076300382,11925.767094276654
851,239.6,11828.1,217.8,11564.5,675.6,30142.3,238.6208453815019,11876.933547138327
852,236.5,11992.7,217.8,11564.5,675.6,30142.3,237.56042269075095,11934.816773569164
853,234.6,11935.3,217.8,11564.5,675.6,30142.3,236.08021134537546,11935.058386784582
854,229.9,12154.1,217.8,11564.5,675.6,30142.3,232.99010567268772,12044.579193392292
855,358.3,11839.4,217.8,11564.5,675.6,30142.3,295.6450528363439,11941.989596696145
856,240.1,11994.4,217.8,11564.5,675.6,30142.3,267.87252641817196,11968.194798348071
857,260.9,11947.7,217.8,11564.5,675.6,30142.3,264.386263209086,11957.947399174036
858,256.0,11924.4,217.8,11564.5,675.6,30142.3,260.193131604543,11941.173699587018
859,241.3,11819.6,217.8,11564.5,675.6,30142.3,250.7465658022715,11880.38684979351
860,218.4,11909.1,217.8,11564.5,675.6,30142.3,234.57328290113577,11894.743424896755
861,241.3,11981.8,217.8,11564.5,675.6,30142.3,237.9366414505679,11938.271712448377
862,247.9,12095.2,217.8,11564.5,675.6,30142.3,242.91832072528393,12016.73585622419
863,236.8,11948.4,217.8,11564.5,675.6,30142.3,239.85916036264197,11982.567928112094
864,247.3,11841.0,217.8,11564.5,675.6,30142.3,243.57958018132098,11911.783964056047
865,266.6,12114.4,217.8,11564.5,675.6,30142.3,255.0897900906605,12013.091982028023
866,253.9,12430.1,217.8,11564.5,675.6,30142.3,254.49489504533025,12221.595991014012
867,273.0,12316.2,217.8,11564.5,675.6,30142.3,263.74744752266514,12268.897995507006
868,259.5,12499.2,217.8,11564.5,675.6,30142.3,261.6237237613326,12384.048997753503
869,267.6,12472.8,217.8,11564.5,675.6,30142.3,264.6118618806663,12428.424498876751
870,268.4,12590.4,217.8,11564.5,675.6,30142.3,266.50593094033314,12509.412249438376
871,270.3,12270.0,217.8,11564.5,675.6,30142.3,268.4029654701666,12389.706124719189
872,261.9,12445.1,217.8,11564.5,675.6,30142.3,265.1514827350833,12417.403062359594
873,257.6,12572.1,217.8,11564.5,675.6,30142.3,261.37574136754165,12494.751531179798
874,266.6,12331.4,217.8,11564.5,675.6,30142.3,263.98787068377084,12413.0757655899
875,310.0,12241.0,217.8,11564.5,675.6,30142.3,286.9939353418854,12327.03788279495
876,253.2,12423.4,217.8,11564.5,675.6,30142.3,270.0969676709427,12375.218941397474
877,258.7,12349.6,217.8,11564.5,675.6,30142.3,264.3984838354713,12362.409470698738
878,259.5,12274.0,217.8,11564.5,675.6,30142.3,261.94924191773566,12318.204735349369
879,242.6,12225.3,217.8,11564.5,675.6,30142.3,252.27462095886784,12271.752367674684
880,234.1,12750.7,217.8,11564.5,675.6,30142.3,243.1873104794339,12511.226183837342
881,243.9,12511.2,217.8,11564.5,675.6,30142.3,243.54365523971694,12511.213091918671
882,275.2,12253.5,217.8,11564.5,675.6,30142.3,259.37182761985844,12382.356545959336
883,249.6,12371.8,217.8,11564.5,675.6,30142.3,254.48591380992923,12377.078272979667
884,265.9,12227.3,217.8,11564.5,675.6,30142.3,260.1929569049646,12302.189136489833
885,262.5,12254.1,217.8,11564.5,675.6,30142.3,261.3464784524823,12278.144568244916
886,266.1,12518.6,217.8,11564.5,675.6,30142.3,263.72323922624116,12398.372284122459
887,250.8,12504.5,217.8,11564.5,675.6,30142.3,257.2616196131206,12451.43614206123
888,270.1,12288.5,217.8,11564.5,675.6,30142.3,263.6808098065603,12369.968071030615
889,254.0,12316.2,217.8,11564.5,675.6,30142.3,258.84040490328016,12343.084035515309
890,256.5,12186.4,217.8,11564.5,675.6,30142.3,257.6702024516401,12264.742017757653
891,235.8,12297.6,217.8,11564.5,675.6,30142.3,246.73510122582005,12281.171008878828
892,234.0,12401.9,217.8,11564.5,675.6,30142.3,240.36755061291,12341.535504439413
893,248.5,12390.5,217.8,11564.5,675.6,30142.3,244.433775306455,12366.017752219706
894,268.9,13300.5,217.8,11564.5,675.6,30142.3,256.6668876532275,12833.258876109852
895,274.9,12342.6,217.8,11564.5,675.6,30142.3,265.78344382661373,12587.929438054925
896,276.9,12521.2,217.8,11564.5,675.6,30142.3,271.34172191330686,12554.564719027463
897,261.5,12494.0,217.8,11564.5,675.6,30142.3,266.4208609566534,12524.28235951373
898,279.5,12495.6,217.8,11564.5,675.6,30142.3,272.9604304783267,12509.941179756865
899,270.3,12647.2,217.8,11564.5,675.6,30142.3,271.63021523916336,12578.570589878433
900,273.7,13114.2,217.8,11564.5,675.6,30142.3,272.6651076195817,12846.385294939217
901,434.9,12526.6,217.8,11564.5,675.6,30142.3,353.78255380979084,12686.492647469608
902,464.4,13307.0,217.8,11564.5,675.6,30142.3,409.0912769048954,12996.746323734804
903,277.1,13591.1,217.8,11564.5,675.6,30142.3,343.0956384524477,13293.923161867402
904,431.5,15102.5,217.8,11564.5,675.6,30142.3,387.29781922622385,14198.211580933701
905,365.8,14317.7,217.8,11564.5,675.6,30142.3,376.54890961311196,14257.95579046685
906,286.9,13199.9,217.8,11564.5,675.6,30142.3,331.72445480655597,13728.927895233424
907,294.7,13401.5,217.8,11564.5,675.6,30142.3,313.212227403278,13565.213947616712
908,295.2,13711.1,217.8,11564.5,675.6,30142.3,304.20611370163897,13638.156973808356
909,285.3,15237.8,217.8,11564.5,675.6,30142.3,294.75305685081946,14437.978486904178
910,373.3,13718.7,217.8,11564.5,675.6,30142.3,334.02652842540977,14078.33924345209
911,286.1,13640.5,217.8,11564.5,675.6,30142.3,310.0632642127049,13859.419621726045
912,323.9,13187.8,217.8,11564.5,675.6,30142.3,316.98163210635244,13523.609810863021
913,279.6,13757.8,217.8,11564.5,675.6,30142.3,298.29081605317623,13640.70490543151
914,364.5,13353.0,217.8,11564.5,675.6,30142.3,331.39540802658814,13496.852452715755
915,279.2,14214.5,217.8,11564.5,675.6,30142.3,305.29770401329404,13855.676226357878
916,471.1,13992.6,217.8,11564.5,675.6,30142.3,388.19885200664703,13924.138113178939
917,305.0,13977.2,217.8,11564.5,675.6,30142.3,346.5994260033235,13950.66905658947
918,288.7,13866.5,217.8,11564.5,675.6,30142.3,317.6497130016618,13908.584528294734
919,288.0,13109.3,217.8,11564.5,675.6,30142.3,302.8248565008309,13508.942264147367
920,276.3,13046.6,217.8,11564.5,675.6,30142.3,289.56242825041545,13277.771132073683
921,267.3,12991.9,217.8,11564.5,675.6,30142.3,278.4312141252077,13134.835566036842
922,269.6,13358.5,217.8,11564.5,675.6,30142.3,274.01560706260386,13246.66778301842
923,286.2,13108.5,217.8,11564.5,675.6,30142.3,280.1078035313019,13177.58389150921
924,281.9,13578.3,217.8,11564.5,675.6,30142.3,281.00390176565094,13377.941945754605
925,281.7,12708.4,217.8,11564.5,675.6,30142.3,281.35195088282546,13043.170972877302
926,277.5,12707.9,217.8,11564.5,675.6,30142.3,279.42597544141273,12875.53548643865
927,265.3,12649.1,217.8,11564.5,675.6,30142.3,272.36298772070637,12762.317743219326
928,271.5,12843.4,217.8,11564.5,675.6,30142.3,271.93149386035316,12802.858871609664
929,269.9,12951.7,217.8,11564.5,675.6,30142.3,270.91574693017657,12877.279435804832
930,265.6,12775.5,217.8,11564.5,675.6,30142.3,268.2578734650883,12826.389717902417
931,284.1,13988.0,217.8,11564.5,675.6,30142.3,276.1789367325442,13407.194858951209
932,307.6,12793.5,217.8,11564.5,675.6,30142.3,291.8894683662721,13100.347429475605
933,310.9,14269.1,217.8,11564.5,675.6,30142.3,301.39473418313605,13684.723714737804
934,285.6,13607.4,217.8,11564.5,675.6,30142.3,293.49736709156804,13646.061857368903
935,276.3,13386.3,217.8,11564.5,675.6,30142.3,284.898683545784,13516.180928684451
936,285.6,14600.5,217.8,11564.5,675.6,30142.3,285.249341772892,14058.340464342225
937,299.1,14458.8,217.8,11564.5,675.6,30142.3,292.17467088644605,14258.570232171112
938,362.0,13543.9,217.8,11564.5,675.6,30142.3,327.087335443223,13901.235116085556
939,286.1,13299.5,217.8,11564.5,675.6,30142.3,306.5936677216115,13600.367558042777
940,298.9,15627.4,217.8,11564.5,675.6,30142.3,302.74683386080574,14613.883779021387
941,286.6,14432.1,217.8,11564.5,675.6,30142.3,294.6734169304029,14522.991889510693
942,291.7,14443.4,217.8,11564.5,675.6,30142.3,293.18670846520143,14483.195944755345
943,308.8,13958.0,217.8,11564.5,675.6,30142.3,300.9933542326007,14220.597972377673
944,292.7,13721.6,217.8,11564.5,675.6,30142.3,296.8466771163004,13971.098986188837
945,317.8,14829.2,217.8,11564.5,675.6,30142.3,307.3233385581502,14400.149493094419
946,345.3,13874.4,217.8,11564.5,675.6,30142.3,326.3116692790751,14137.27474654721
947,306.8,13631.2,217.8,11564.5,675.6,30142.3,316.5558346395376,13884.237373273605
948,275.4,14608.0,217.8,11564.5,675.6,30142.3,295.9779173197688,14246.118686636803
949,309.9,13666.1,217.8,11564.5,675.6,30142.3,302.9389586598844,13956.109343318401
950,424.5,13219.3,217.8,11564.5,675.6,30142.3,363.7194793299422,13587.704671659201
951,279.1,14244.3,217.8,11564.5,675.6,30142.3,321.4097396649711,13916.0023358296
952,319.4,14488.7,217.8,11564.5,675.6,30142.3,320.40486983248553,14202.3511679148
953,296.5,13094.9,217.8,11564.5,675.6,30142.3,308.45243491624274,13648.6255839574
954,282.1,13158.1,217.8,11564.5,675.6,30142.3,295.2762174581214,13403.3627919787
955,285.4,13215.5,217.8,11564.5,675.6,30142.3,290.33810872906065,13309.43139598935
956,278.6,13181.2,217.8,11564.5,675.6,30142.3,284.46905436453034,13245.315697994676
957,267.7,13088.2,217.8,11564.5,675.6,30142.3,276.08452718226516,13166.757848997338
958,273.7,12907.2,217.8,11564.5,675.6,30142.3,274.8922635911326,13036.97892449867
959,333.1,13020.4,217.8,11564.5,675.6,30142.3,303.99613179556627,13028.689462249335
960,309.5,13091.0,217.8,11564.5,675.6,30142.3,306.74806589778314,13059.844731124667
961,282.3,13124.8,217.8,11564.5,675.6,30142.3,294.52403294889154,13092.322365562333
962,271.4,13315.5,217.8,11564.5,675.6,30142.3,282.96201647444576,13203.911182781167
963,284.0,13118.5,217.8,11564.5,675.6,30142.3,283.4810082372229,13161.205591390582
964,298.5,13156.5,217.8,11564.5,675.6,30142.3,290.99050411861145,13158.852795695291
965,274.0,13655.1,217.8,11564.5,675.6,30142.3,282.4952520593057,13406.976397847646
966,299.4,13913.2,217.8,11564.5,675.6,30142.3,290.94762602965284,13660.088198923822
967,470.1,14999.4,217.8,11564.5,675.6,30142.3,380.52381301482643,14329.74409946191
968,422.1,13672.3,217.8,11564.5,675.6,30142.3,401.31190650741325,14001.022049730955
969,304.7,13347.2,217.8,11564.5,675.6,30142.3,353.0059532537066,13674.111024865477
970,297.6,13209.2,217.8,11564.5,675.6,30142.3,325.3029766268533,13441.655512432739
971,285.5,13459.4,217.8,11564.5,675.6,30142.3,305.4014883134266,13450.527756216368
972,293.5,15172.5,217.8,11564.5,675.6,30142.3,299.4507441567133,14311.513878108184
973,542.8,20974.3,217.8,11564.5,675.6,30142.3,421.12537207835663,17642.90693905409
974,577.6,15524.3,217.8,11564.5,675.6,30142.3,499.36268603917836,16583.603469527043
975,484.5,14249.6,217.8,11564.5,675.6,30142.3,491.9313430195892,15416.60173476352
976,295.8,14981.1,217.8,11564.5,675.6,30142.3,393.8656715097946,15198.85086738176
977,293.5,15415.4,217.8,11564.5,675.6,30142.3,343.68283575489727,15307.125433690879
978,420.7,14015.5,217.8,11564.5,675.6,30142.3,382.19141787744866,14661.31271684544
979,292.4,13622.4,217.8,11564.5,675.6,30142.3,337.2957089387243,14141.85635842272
980,267.5,13650.1,217.8,11564.5,675.6,30142.3,302.3978544693622,13895.97817921136
981,412.1,13309.9,217.8,11564.5,675.6,30142.3,357.2489272346811,13602.93908960568
982,254.2,12928.9,217.8,11564.5,675.6,30142.3,305.7244636173406,13265.91954480284
983,399.2,13053.8,217.8,11564.5,675.6,30142.3,352.46223180867025,13159.85977240142
984,297.2,13333.0,217.8,11564.5,675.6,30142.3,324.8311159043351,13246.429886200709
985,266.5,12902.0,217.8,11564.5,675.6,30142.3,295.66555795216755,13074.214943100355
986,255.0,12613.7,217.8,11564.5,675.6,30142.3,275.3327789760838,12843.957471550177
987,257.0,12765.5,217.8,11564.5,675.6,30142.3,266.1663894880419,12804.728735775088
988,358.2,13092.7,217.8,11564.5,675.6,30142.3,312.18319474402097,12948.714367887544
989,272.1,13409.3,217.8,11564.5,675.6,30142.3,292.1415973720105,13179.007183943771
990,321.3,13966.2,217.8,11564.5,675.6,30142.3,306.72079868600525,13572.603591971885
991,331.0,13071.8,217.8,11564.5,675.6,30142.3,318.86039934300265,13322.201795985942
992,276.5,12858.7,217.8,11564.5,675.6,30142.3,297.6801996715013,13090.45089799297
993,282.5,12658.3,217.8,11564.5,675.6,30142.3,290.09009983575066,12874.375448996485
994,248.4,12673.7,217.8,11564.5,675.6,30142.3,269.24504991787535,12774.037724498243
995,244.5,12949.6,217.8,11564.5,675.6,30142.3,256.8725249589377,12861.818862249122
996,366.9,12577.3,217.8,11564.5,675.6,30142.3,311.8862624794688,12719.55943112456
997,258.8,12533.9,217.8,11564.5,675.6,30142.3,285.3431312397344,12626.72971556228
998,244.8,12266.6,217.8,11564.5,675.6,30142.3,265.0715656198672,12446.66485778114
999,231.1,12375.6,217.8,11564.5,675.6,30142.3,248.08578280993362,12411.13242889057
1000,250.6,12242.8,217.8,11564.5,675.6,30142.3,249.3428914049668,12326.966214445285
